ISO-10303-21;
HEADER;
FILE_DESCRIPTION (( 'STEP AP203' ),
    '1' );
FILE_NAME ('VS-2.STEP',
    '2025-09-12T18:40:15',
    ( '' ),
    ( '' ),
    'SwSTEP 2.0',
    'SolidWorks 2023',
    '' );
FILE_SCHEMA (( 'CONFIG_CONTROL_DESIGN' ));
ENDSEC;

DATA;
#1 = DIRECTION ( 'NONE',  ( -1.000000000000000000, 0.000000000000000000, 0.000000000000000000 ) ) ;
#2 = ORGANIZATION ( 'UNSPECIFIED', 'UNSPECIFIED', '' ) ;
#3 = ORIENTED_EDGE ( 'NONE', *, *, #410, .F. ) ;
#4 = DIRECTION ( 'NONE',  ( 0.8660254037844394848, 0.4999999999999987232, -0.000000000000000000 ) ) ;
#5 = ORIENTED_EDGE ( 'NONE', *, *, #2297, .T. ) ;
#6 = CARTESIAN_POINT ( 'NONE',  ( 8.999999999999991118, 19.30000000000000782, -1.000000000000000888 ) ) ;
#7 = ORIENTED_EDGE ( 'NONE', *, *, #1389, .T. ) ;
#8 = DIRECTION ( 'NONE',  ( -1.000000000000000000, 0.000000000000000000, 0.000000000000000000 ) ) ;
#9 = ADVANCED_FACE ( 'NONE', ( #1361 ), #1338, .T. ) ;
#10 = CARTESIAN_POINT ( 'NONE',  ( 2.928999999999982506, 22.80000000000000426, 3.333992822267741157E-16 ) ) ;
#11 = CIRCLE ( 'NONE', #2279, 1.000000000000000888 ) ;
#12 = EDGE_LOOP ( 'NONE', ( #2058, #1600, #608, #2132 ) ) ;
#13 = LINE ( 'NONE', #1963, #1937 ) ;
#14 = VERTEX_POINT ( 'NONE', #280 ) ;
#15 = DIRECTION ( 'NONE',  ( 6.262539624465007810E-17, -1.000000000000000000, 0.000000000000000000 ) ) ;
#16 = VERTEX_POINT ( 'NONE', #1185 ) ;
#17 = CARTESIAN_POINT ( 'NONE',  ( 1.000000000000002442, 9.800000000000002487, 6.000000000000000000 ) ) ;
#18 = FACE_OUTER_BOUND ( 'NONE', #449, .T. ) ;
#19 = CARTESIAN_POINT ( 'NONE',  ( 2.192117770473762465E-15, 9.800000000000002487, 2.000000000000000000 ) ) ;
#20 = CIRCLE ( 'NONE', #1769, 1.000000000000000888 ) ;
#21 = DIRECTION ( 'NONE',  ( 0.000000000000000000, 0.000000000000000000, 1.000000000000000000 ) ) ;
#22 = CARTESIAN_POINT ( 'NONE',  ( -10.00000000000000711, -19.30000000000000071, -12.50000000000000000 ) ) ;
#23 = CC_DESIGN_DATE_AND_TIME_ASSIGNMENT ( #1547, #2082, ( #975 ) ) ;
#24 = CARTESIAN_POINT ( 'NONE',  ( 7.979274057836299505, -27.20000000000000639, -9.900000000000000355 ) ) ;
#25 = EDGE_CURVE ( 'NONE', #1563, #139, #1709, .T. ) ;
#26 = ORIENTED_EDGE ( 'NONE', *, *, #2258, .F. ) ;
#27 = CYLINDRICAL_SURFACE ( 'NONE', #1609, 7.250000000000000000 ) ;
#28 = ORIENTED_EDGE ( 'NONE', *, *, #188, .F. ) ;
#29 = DIRECTION ( 'NONE',  ( 1.000000000000000000, 0.000000000000000000, 0.000000000000000000 ) ) ;
#30 = EDGE_LOOP ( 'NONE', ( #1366, #2242, #1146, #1501 ) ) ;
#31 = DIRECTION ( 'NONE',  ( 0.000000000000000000, -1.000000000000000000, 0.000000000000000000 ) ) ;
#32 = CARTESIAN_POINT ( 'NONE',  ( -9.000000000000007105, -5.636285662018511960E-16, 0.000000000000000000 ) ) ;
#33 = CARTESIAN_POINT ( 'NONE',  ( -10.00000000000001066, 19.30000000000000071, -36.00000000000000000 ) ) ;
#34 = ORIENTED_EDGE ( 'NONE', *, *, #1899, .T. ) ;
#35 = VECTOR ( 'NONE', #1377, 1000.000000000000000 ) ;
#36 = VECTOR ( 'NONE', #1973, 1000.000000000000000 ) ;
#37 = CARTESIAN_POINT ( 'NONE',  ( -9.000000000000008882, 19.30000000000000071, -9.900000000000000355 ) ) ;
#38 = DIRECTION ( 'NONE',  ( 1.000000000000000000, 0.000000000000000000, 0.000000000000000000 ) ) ;
#39 = DIRECTION ( 'NONE',  ( -1.000000000000000000, 0.000000000000000000, 0.000000000000000000 ) ) ;
#40 = VECTOR ( 'NONE', #1815, 1000.000000000000000 ) ;
#41 = EDGE_CURVE ( 'NONE', #1302, #1289, #1783, .T. ) ;
#42 = CARTESIAN_POINT ( 'NONE',  ( 8.999999999999991118, 20.30000000000000782, -36.00000000000000000 ) ) ;
#43 = VERTEX_POINT ( 'NONE', #1180 ) ;
#44 = DIRECTION ( 'NONE',  ( -0.000000000000000000, 0.000000000000000000, 1.000000000000000000 ) ) ;
#45 = ORIENTED_EDGE ( 'NONE', *, *, #586, .F. ) ;
#46 = LINE ( 'NONE', #1474, #958 ) ;
#47 = CIRCLE ( 'NONE', #2274, 1.000000000000000222 ) ;
#48 = DIRECTION ( 'NONE',  ( 0.000000000000000000, 0.000000000000000000, 1.000000000000000000 ) ) ;
#49 = ORIENTED_EDGE ( 'NONE', *, *, #226, .T. ) ;
#50 = DIRECTION ( 'NONE',  ( 0.000000000000000000, 0.000000000000000000, 1.000000000000000000 ) ) ;
#51 = DIRECTION ( 'NONE',  ( 3.418174336900113874E-16, -1.000000000000000000, 0.000000000000000000 ) ) ;
#52 = DIRECTION ( 'NONE',  ( 0.000000000000000000, 0.000000000000000000, -1.000000000000000000 ) ) ;
#53 = CIRCLE ( 'NONE', #1199, 2.249999999999998668 ) ;
#54 = ORIENTED_EDGE ( 'NONE', *, *, #2236, .F. ) ;
#55 = CIRCLE ( 'NONE', #2126, 0.9999999999999991118 ) ;
#56 = DIRECTION ( 'NONE',  ( -1.000000000000000000, -6.262539624465004112E-17, 0.000000000000000000 ) ) ;
#57 = ORIENTED_EDGE ( 'NONE', *, *, #1681, .F. ) ;
#58 = DIRECTION ( 'NONE',  ( 1.000000000000000000, 0.000000000000000000, 0.000000000000000000 ) ) ;
#59 = ADVANCED_FACE ( 'NONE', ( #977 ), #1719, .F. ) ;
#60 = FACE_OUTER_BOUND ( 'NONE', #1376, .T. ) ;
#61 = EDGE_CURVE ( 'NONE', #152, #1950, #1893, .T. ) ;
#62 = DIRECTION ( 'NONE',  ( 0.000000000000000000, 0.000000000000000000, 1.000000000000000000 ) ) ;
#63 = VERTEX_POINT ( 'NONE', #128 ) ;
#64 = FACE_OUTER_BOUND ( 'NONE', #1192, .T. ) ;
#65 = AXIS2_PLACEMENT_3D ( 'NONE', #365, #500, #1923 ) ;
#66 = LINE ( 'NONE', #2034, #2234 ) ;
#67 = VERTEX_POINT ( 'NONE', #1461 ) ;
#68 = EDGE_LOOP ( 'NONE', ( #1730, #540, #2292, #281 ) ) ;
#69 = LINE ( 'NONE', #981, #672 ) ;
#70 = DIRECTION ( 'NONE',  ( -0.000000000000000000, 0.000000000000000000, 1.000000000000000000 ) ) ;
#71 = CARTESIAN_POINT ( 'NONE',  ( 7.113248654051845143, 26.69999999999999929, -12.50000000000000000 ) ) ;
#72 = EDGE_CURVE ( 'NONE', #1786, #371, #402, .T. ) ;
#73 = PLANE ( 'NONE',  #235 ) ;
#74 = ORIENTED_EDGE ( 'NONE', *, *, #1722, .T. ) ;
#75 = EDGE_CURVE ( 'NONE', #713, #1762, #1039, .T. ) ;
#76 = AXIS2_PLACEMENT_3D ( 'NONE', #821, #111, #295 ) ;
#77 = DIRECTION ( 'NONE',  ( 1.000000000000000000, 0.000000000000000000, 0.000000000000000000 ) ) ;
#78 = DIRECTION ( 'NONE',  ( -0.000000000000000000, 0.000000000000000000, 1.000000000000000000 ) ) ;
#79 = CIRCLE ( 'NONE', #216, 1.000000000000000888 ) ;
#80 = ORIENTED_EDGE ( 'NONE', *, *, #2160, .T. ) ;
#81 = ORIENTED_EDGE ( 'NONE', *, *, #25, .F. ) ;
#82 = CARTESIAN_POINT ( 'NONE',  ( 10.00000000000000355, -19.29999999999997229, -9.900000000000000355 ) ) ;
#83 = CARTESIAN_POINT ( 'NONE',  ( -10.00000000000000888, -19.30000000000000071, -37.00000000000000000 ) ) ;
#84 = CARTESIAN_POINT ( 'NONE',  ( 9.000000000000007105, -20.29999999999997584, -12.50000000000000000 ) ) ;
#85 = VECTOR ( 'NONE', #1513, 1000.000000000000227 ) ;
#86 = EDGE_CURVE ( 'NONE', #1287, #126, #884, .T. ) ;
#87 = LINE ( 'NONE', #2201, #2148 ) ;
#88 = DIRECTION ( 'NONE',  ( -1.000000000000000000, -1.387778780781444689E-15, 0.000000000000000000 ) ) ;
#89 = ORIENTED_EDGE ( 'NONE', *, *, #191, .T. ) ;
#90 = CIRCLE ( 'NONE', #1385, 1.000000000000000888 ) ;
#91 = VERTEX_POINT ( 'NONE', #331 ) ;
#92 = LINE ( 'NONE', #603, #2081 ) ;
#93 = DIRECTION ( 'NONE',  ( 0.000000000000000000, 0.1961161351381814077, 0.9805806756909206667 ) ) ;
#94 = AXIS2_PLACEMENT_3D ( 'NONE', #1610, #880, #1806 ) ;
#95 = DIRECTION ( 'NONE',  ( -1.000000000000000000, -6.262539624465007810E-17, 0.000000000000000000 ) ) ;
#96 = ORIENTED_EDGE ( 'NONE', *, *, #2258, .T. ) ;
#97 = CARTESIAN_POINT ( 'NONE',  ( -9.000000000000007105, -19.30000000000000071, -1.000000000000000000 ) ) ;
#98 = ORIENTED_EDGE ( 'NONE', *, *, #1191, .T. ) ;
#99 = CIRCLE ( 'NONE', #688, 1.000000000000000888 ) ;
#100 = EDGE_CURVE ( 'NONE', #547, #987, #2077, .T. ) ;
#101 = ORIENTED_EDGE ( 'NONE', *, *, #2060, .F. ) ;
#102 = DIRECTION ( 'NONE',  ( -0.000000000000000000, 0.000000000000000000, 1.000000000000000000 ) ) ;
#103 = LINE ( 'NONE', #1845, #1169 ) ;
#104 = VERTEX_POINT ( 'NONE', #2281 ) ;
#105 = DIRECTION ( 'NONE',  ( -0.000000000000000000, -0.000000000000000000, 1.000000000000000000 ) ) ;
#106 = ORIENTED_EDGE ( 'NONE', *, *, #636, .F. ) ;
#107 = ORIENTED_EDGE ( 'NONE', *, *, #1460, .T. ) ;
#108 = VECTOR ( 'NONE', #1007, 1000.000000000000000 ) ;
#109 = VERTEX_POINT ( 'NONE', #1756 ) ;
#110 = PERSON_AND_ORGANIZATION ( #2256, #2 ) ;
#111 = DIRECTION ( 'NONE',  ( 0.000000000000000000, 0.000000000000000000, 1.000000000000000000 ) ) ;
#112 = ADVANCED_FACE ( 'NONE', ( #1406 ), #1746, .F. ) ;
#113 = CONICAL_SURFACE ( 'NONE', #1268, 6.383974596215556296, 0.5235987755982980385 ) ;
#114 = AXIS2_PLACEMENT_3D ( 'NONE', #511, #1222, #382 ) ;
#115 = CARTESIAN_POINT ( 'NONE',  ( 9.999999999999989342, 19.30000000000000782, -1.000000000000000888 ) ) ;
#116 = EDGE_LOOP ( 'NONE', ( #964, #1249, #631, #1876 ) ) ;
#117 = VECTOR ( 'NONE', #1433, 1000.000000000000000 ) ;
#118 = DIRECTION ( 'NONE',  ( 1.000000000000000000, 1.734723475976805319E-15, -0.000000000000000000 ) ) ;
#119 = ORIENTED_EDGE ( 'NONE', *, *, #1638, .T. ) ;
#120 = LINE ( 'NONE', #2217, #568 ) ;
#121 = ORIENTED_EDGE ( 'NONE', *, *, #296, .F. ) ;
#122 = DIRECTION ( 'NONE',  ( 0.000000000000000000, 0.000000000000000000, -1.000000000000000000 ) ) ;
#123 = AXIS2_PLACEMENT_3D ( 'NONE', #2180, #589, #544 ) ;
#124 = DIRECTION ( 'NONE',  ( 0.000000000000000000, 0.000000000000000000, 1.000000000000000000 ) ) ;
#125 = ADVANCED_FACE ( 'NONE', ( #344 ), #663, .T. ) ;
#126 = VERTEX_POINT ( 'NONE', #169 ) ;
#127 = CARTESIAN_POINT ( 'NONE',  ( 7.979274057836282630, 27.19999999999999574, -9.900000000000000355 ) ) ;
#128 = CARTESIAN_POINT ( 'NONE',  ( 8.999999999999991118, 20.30000000000000782, -12.50000000000000000 ) ) ;
#129 = ORIENTED_EDGE ( 'NONE', *, *, #394, .T. ) ;
#130 =( LENGTH_UNIT ( ) NAMED_UNIT ( * ) SI_UNIT ( .MILLI., .METRE. ) );
#131 = CIRCLE ( 'NONE', #65, 0.9999999999999991118 ) ;
#132 = DIRECTION ( 'NONE',  ( 3.469446951953614189E-16, -1.000000000000000000, 0.000000000000000000 ) ) ;
#133 = CARTESIAN_POINT ( 'NONE',  ( -10.00000000000000888, -6.262539624465013727E-16, -9.900000000000000355 ) ) ;
#134 = ORIENTED_EDGE ( 'NONE', *, *, #1477, .T. ) ;
#135 = ADVANCED_FACE ( 'NONE', ( #876 ), #113, .T. ) ;
#136 = DIRECTION ( 'NONE',  ( 1.000000000000000000, -0.000000000000000000, -0.000000000000000000 ) ) ;
#137 = LINE ( 'NONE', #1057, #702 ) ;
#138 = PLANE ( 'NONE',  #271 ) ;
#139 = VERTEX_POINT ( 'NONE', #1922 ) ;
#140 = LINE ( 'NONE', #1885, #85 ) ;
#141 = CARTESIAN_POINT ( 'NONE',  ( 0.000000000000000000, -27.70000000000000284, -12.50000000000000000 ) ) ;
#142 = VECTOR ( 'NONE', #969, 1000.000000000000000 ) ;
#143 = VECTOR ( 'NONE', #1155, 1000.000000000000000 ) ;
#144 = DIRECTION ( 'NONE',  ( 0.000000000000000000, 0.000000000000000000, -1.000000000000000000 ) ) ;
#145 = AXIS2_PLACEMENT_3D ( 'NONE', #1066, #842, #1780 ) ;
#146 = CIRCLE ( 'NONE', #743, 1.000000000000000222 ) ;
#147 = EDGE_CURVE ( 'NONE', #2254, #580, #1382, .T. ) ;
#148 = CARTESIAN_POINT ( 'NONE',  ( 9.000000000000005329, -19.29999999999997229, -1.000000000000000888 ) ) ;
#149 = PLANE ( 'NONE',  #984 ) ;
#150 = VECTOR ( 'NONE', #1342, 1000.000000000000000 ) ;
#151 = EDGE_CURVE ( 'NONE', #713, #1275, #864, .T. ) ;
#152 = VERTEX_POINT ( 'NONE', #684 ) ;
#153 = DIRECTION ( 'NONE',  ( 0.000000000000000000, 0.000000000000000000, 1.000000000000000000 ) ) ;
#154 = EDGE_LOOP ( 'NONE', ( #57, #1158 ) ) ;
#155 = CARTESIAN_POINT ( 'NONE',  ( -7.042977312465839170E-15, 20.30000000000000426, -9.900000000000000355 ) ) ;
#156 = ORIENTED_EDGE ( 'NONE', *, *, #543, .T. ) ;
#157 = AXIS2_PLACEMENT_3D ( 'NONE', #527, #2287, #1065 ) ;
#158 = DIRECTION ( 'NONE',  ( 1.000000000000000000, 3.418174336900109436E-16, 0.000000000000000000 ) ) ;
#159 = DIRECTION ( 'NONE',  ( 0.000000000000000000, 0.000000000000000000, 1.000000000000000000 ) ) ;
#160 = EDGE_CURVE ( 'NONE', #1341, #1944, #1948, .T. ) ;
#161 = EDGE_CURVE ( 'NONE', #1950, #1438, #1679, .T. ) ;
#162 = ORIENTED_EDGE ( 'NONE', *, *, #639, .T. ) ;
#163 = FACE_OUTER_BOUND ( 'NONE', #1393, .T. ) ;
#164 = EDGE_LOOP ( 'NONE', ( #594, #107, #634, #1511 ) ) ;
#165 = CYLINDRICAL_SURFACE ( 'NONE', #879, 1.000000000000000000 ) ;
#166 = ADVANCED_FACE ( 'NONE', ( #352 ), #2078, .F. ) ;
#167 = ORIENTED_EDGE ( 'NONE', *, *, #457, .F. ) ;
#168 = CARTESIAN_POINT ( 'NONE',  ( -6.696032617270478540E-15, 19.30000000000000426, -36.00000000000000000 ) ) ;
#169 = CARTESIAN_POINT ( 'NONE',  ( 10.00000000000000355, -19.29999999999997229, -1.000000000000000888 ) ) ;
#170 = DIRECTION ( 'NONE',  ( -0.000000000000000000, 0.000000000000000000, 1.000000000000000000 ) ) ;
#171 = CARTESIAN_POINT ( 'NONE',  ( -7.979274057836311940, 27.19999999999999574, -9.900000000000000355 ) ) ;
#172 = ORIENTED_EDGE ( 'NONE', *, *, #190, .F. ) ;
#173 = LINE ( 'NONE', #919, #417 ) ;
#174 = ADVANCED_FACE ( 'NONE', ( #838 ), #2088, .T. ) ;
#175 = DIRECTION ( 'NONE',  ( 0.000000000000000000, 1.000000000000000000, -0.000000000000000000 ) ) ;
#176 = AXIS2_PLACEMENT_3D ( 'NONE', #1127, #1293, #187 ) ;
#177 = ORIENTED_EDGE ( 'NONE', *, *, #1450, .F. ) ;
#178 = DIRECTION ( 'NONE',  ( 1.000000000000000000, 3.469446951953614682E-16, 0.000000000000000000 ) ) ;
#179 = VECTOR ( 'NONE', #1026, 1000.000000000000000 ) ;
#180 = DIRECTION ( 'NONE',  ( -0.000000000000000000, 0.000000000000000000, -1.000000000000000000 ) ) ;
#181 = CARTESIAN_POINT ( 'NONE',  ( -9.866025403784451697, 23.93205080756884584, -12.50000000000000000 ) ) ;
#182 = ORIENTED_EDGE ( 'NONE', *, *, #1362, .F. ) ;
#183 = CARTESIAN_POINT ( 'NONE',  ( -9.000000000000007105, -5.636285662018512946E-16, -36.00000000000000000 ) ) ;
#184 = CIRCLE ( 'NONE', #1647, 2.250000000000000444 ) ;
#185 = ORIENTED_EDGE ( 'NONE', *, *, #945, .F. ) ;
#186 = LINE ( 'NONE', #735, #230 ) ;
#187 = DIRECTION ( 'NONE',  ( -1.000000000000000000, 0.000000000000000000, 0.000000000000000000 ) ) ;
#188 = EDGE_CURVE ( 'NONE', #1738, #761, #2270, .T. ) ;
#189 = CYLINDRICAL_SURFACE ( 'NONE', #1279, 1.000000000000000888 ) ;
#190 = EDGE_CURVE ( 'NONE', #2206, #1224, #137, .T. ) ;
#191 = EDGE_CURVE ( 'NONE', #14, #373, #554, .T. ) ;
#192 = DIRECTION ( 'NONE',  ( 1.000000000000000000, 0.000000000000000000, 0.000000000000000000 ) ) ;
#193 = AXIS2_PLACEMENT_3D ( 'NONE', #1781, #1606, #2089 ) ;
#194 = CARTESIAN_POINT ( 'NONE',  ( -9.000000000000008882, 19.30000000000000071, -1.000000000000000000 ) ) ;
#195 = DIRECTION ( 'NONE',  ( 0.000000000000000000, 0.000000000000000000, 1.000000000000000000 ) ) ;
#196 = ORIENTED_EDGE ( 'NONE', *, *, #1532, .F. ) ;
#197 = DIRECTION ( 'NONE',  ( 1.000000000000000000, 0.000000000000000000, 0.000000000000000000 ) ) ;
#198 = ORIENTED_EDGE ( 'NONE', *, *, #1400, .F. ) ;
#199 = CARTESIAN_POINT ( 'NONE',  ( 9.000000000000005329, -19.29999999999997229, -36.00000000000000000 ) ) ;
#200 = VECTOR ( 'NONE', #345, 1000.000000000000114 ) ;
#201 = CARTESIAN_POINT ( 'NONE',  ( 2.749999999999978240, 24.30000000000000426, -12.50000000000000000 ) ) ;
#202 = ORIENTED_EDGE ( 'NONE', *, *, #1660, .T. ) ;
#203 = EDGE_CURVE ( 'NONE', #139, #1707, #1231, .T. ) ;
#204 = DIRECTION ( 'NONE',  ( 8.673617379884043361E-16, 1.504632769052528010E-30, 1.000000000000000000 ) ) ;
#205 = CARTESIAN_POINT ( 'NONE',  ( 2.192117770473762465E-15, 9.800000000000002487, 1.000000000000000000 ) ) ;
#206 = FACE_OUTER_BOUND ( 'NONE', #1558, .T. ) ;
#207 = ADVANCED_FACE ( 'NONE', ( #343 ), #837, .T. ) ;
#208 = DIRECTION ( 'NONE',  ( 1.000000000000000000, 0.000000000000000000, 0.000000000000000000 ) ) ;
#209 = ORIENTED_EDGE ( 'NONE', *, *, #626, .F. ) ;
#210 = PLANE ( 'NONE',  #1858 ) ;
#211 = CARTESIAN_POINT ( 'NONE',  ( 4.999999999999978684, 24.30000000000000426, -12.50000000000000000 ) ) ;
#212 = CARTESIAN_POINT ( 'NONE',  ( 1.000000000000002442, 9.800000000000002487, 0.000000000000000000 ) ) ;
#213 = ORIENTED_EDGE ( 'NONE', *, *, #504, .T. ) ;
#214 = AXIS2_PLACEMENT_3D ( 'NONE', #71, #625, #1484 ) ;
#215 = PLANE ( 'NONE',  #741 ) ;
#216 = AXIS2_PLACEMENT_3D ( 'NONE', #493, #323, #1308 ) ;
#217 = CARTESIAN_POINT ( 'NONE',  ( -9.000000000000008882, 19.30000000000000071, -37.00000000000000000 ) ) ;
#218 = FACE_OUTER_BOUND ( 'NONE', #711, .T. ) ;
#219 = AXIS2_PLACEMENT_3D ( 'NONE', #1985, #1826, #911 ) ;
#220 = DIRECTION ( 'NONE',  ( 0.000000000000000000, 0.000000000000000000, 1.000000000000000000 ) ) ;
#221 = ADVANCED_FACE ( 'NONE', ( #393, #2136 ), #215, .T. ) ;
#222 = CIRCLE ( 'NONE', #2152, 0.9999999999999991118 ) ;
#223 = ORIENTED_EDGE ( 'NONE', *, *, #1681, .T. ) ;
#224 = ADVANCED_FACE ( 'NONE', ( #887 ), #232, .T. ) ;
#225 = CARTESIAN_POINT ( 'NONE',  ( 2.749999999999978240, 24.30000000000000426, -9.900000000000000355 ) ) ;
#226 = EDGE_CURVE ( 'NONE', #294, #826, #1778, .T. ) ;
#227 = ORIENTED_EDGE ( 'NONE', *, *, #2247, .T. ) ;
#228 = DIRECTION ( 'NONE',  ( 3.469446951953614682E-16, -1.000000000000000000, 0.000000000000000000 ) ) ;
#229 = DIRECTION ( 'NONE',  ( 0.000000000000000000, -0.000000000000000000, -1.000000000000000000 ) ) ;
#230 = VECTOR ( 'NONE', #894, 1000.000000000000114 ) ;
#231 = CARTESIAN_POINT ( 'NONE',  ( -2.749999999999998668, -24.30000000000000071, -12.50000000000000000 ) ) ;
#232 = CYLINDRICAL_SURFACE ( 'NONE', #598, 0.9999999999999991118 ) ;
#233 = CARTESIAN_POINT ( 'NONE',  ( 4.139740740740693425, 16.74629629629637151, -31.47925925925929747 ) ) ;
#234 = DIRECTION ( 'NONE',  ( -1.000000000000000000, 0.000000000000000000, 0.000000000000000000 ) ) ;
#235 = AXIS2_PLACEMENT_3D ( 'NONE', #593, #1485, #742 ) ;
#236 = ORIENTED_EDGE ( 'NONE', *, *, #1430, .F. ) ;
#237 = EDGE_CURVE ( 'NONE', #1886, #826, #1971, .T. ) ;
#238 = AXIS2_PLACEMENT_3D ( 'NONE', #1517, #994, #455 ) ;
#239 = EDGE_LOOP ( 'NONE', ( #1358, #270, #1526, #121 ) ) ;
#240 = DIRECTION ( 'NONE',  ( 1.000000000000000000, 3.469446951953614682E-16, 0.000000000000000000 ) ) ;
#241 = DIRECTION ( 'NONE',  ( 0.000000000000000000, -0.000000000000000000, -1.000000000000000000 ) ) ;
#242 = EDGE_CURVE ( 'NONE', #1096, #290, #1520, .T. ) ;
#243 = DIRECTION ( 'NONE',  ( -3.418174336900113874E-16, 1.000000000000000000, -0.000000000000000000 ) ) ;
#244 = EDGE_LOOP ( 'NONE', ( #895, #2102, #81, #1471 ) ) ;
#245 = CARTESIAN_POINT ( 'NONE',  ( -9.866025403784451697, 23.93205080756884584, -12.50000000000000000 ) ) ;
#246 = LINE ( 'NONE', #1838, #329 ) ;
#247 = ORIENTED_EDGE ( 'NONE', *, *, #1124, .F. ) ;
#248 = VERTEX_POINT ( 'NONE', #1996 ) ;
#249 = DIRECTION ( 'NONE',  ( 0.000000000000000000, 0.000000000000000000, 1.000000000000000000 ) ) ;
#250 = CARTESIAN_POINT ( 'NONE',  ( -6.383974596215554520, 9.800000000000002487, 2.000000000000000000 ) ) ;
#251 = EDGE_CURVE ( 'NONE', #874, #2225, #404, .T. ) ;
#252 = CARTESIAN_POINT ( 'NONE',  ( 9.999999999999991118, 23.43205080756883163, -12.50000000000000000 ) ) ;
#253 = AXIS2_PLACEMENT_3D ( 'NONE', #1425, #1449, #360 ) ;
#254 = FACE_OUTER_BOUND ( 'NONE', #1242, .T. ) ;
#255 = CARTESIAN_POINT ( 'NONE',  ( -9.000000000000010658, 19.30000000000000071, -36.00000000000000000 ) ) ;
#256 = VECTOR ( 'NONE', #2023, 1000.000000000000000 ) ;
#257 = DIRECTION ( 'NONE',  ( -0.000000000000000000, 0.000000000000000000, 1.000000000000000000 ) ) ;
#258 = ORIENTED_EDGE ( 'NONE', *, *, #2250, .F. ) ;
#259 = CARTESIAN_POINT ( 'NONE',  ( 7.249999999999997335, -24.29999999999997584, -12.50000000000000000 ) ) ;
#260 = CYLINDRICAL_SURFACE ( 'NONE', #1368, 2.249999999999998668 ) ;
#261 = CARTESIAN_POINT ( 'NONE',  ( 9.000000000000005329, -19.29999999999997229, 0.000000000000000000 ) ) ;
#262 = VECTOR ( 'NONE', #714, 1000.000000000000000 ) ;
#263 = ADVANCED_FACE ( 'NONE', ( #18 ), #1627, .T. ) ;
#264 = AXIS2_PLACEMENT_3D ( 'NONE', #934, #1993, #58 ) ;
#265 = VERTEX_POINT ( 'NONE', #2299 ) ;
#266 = FACE_OUTER_BOUND ( 'NONE', #1696, .T. ) ;
#267 = MANIFOLD_SOLID_BREP ( 'Chamfer4', #1154 ) ;
#268 = ADVANCED_FACE ( 'NONE', ( #1602 ), #1436, .F. ) ;
#269 = DIRECTION ( 'NONE',  ( 1.000000000000000000, 0.000000000000000000, 0.000000000000000000 ) ) ;
#270 = ORIENTED_EDGE ( 'NONE', *, *, #586, .T. ) ;
#271 = AXIS2_PLACEMENT_3D ( 'NONE', #2057, #70, #2183 ) ;
#272 = EDGE_LOOP ( 'NONE', ( #209, #1020, #2224, #2066 ) ) ;
#273 = LINE ( 'NONE', #1676, #1121 ) ;
#274 = CYLINDRICAL_SURFACE ( 'NONE', #76, 0.9999999999999991118 ) ;
#275 = VECTOR ( 'NONE', #340, 1000.000000000000000 ) ;
#276 = DIRECTION ( 'NONE',  ( 1.000000000000000000, 0.000000000000000000, 0.000000000000000000 ) ) ;
#277 = EDGE_LOOP ( 'NONE', ( #1014, #845, #1458, #1525 ) ) ;
#278 = CARTESIAN_POINT ( 'NONE',  ( 8.999999999999991118, 19.30000000000000782, -36.00000000000000000 ) ) ;
#279 = EDGE_CURVE ( 'NONE', #2106, #696, #705, .T. ) ;
#280 = CARTESIAN_POINT ( 'NONE',  ( 8.999999999999991118, 19.30000000000000782, -37.00000000000000000 ) ) ;
#281 = ORIENTED_EDGE ( 'NONE', *, *, #520, .F. ) ;
#282 = AXIS2_PLACEMENT_3D ( 'NONE', #1870, #1536, #997 ) ;
#283 = ORIENTED_EDGE ( 'NONE', *, *, #706, .T. ) ;
#284 = APPLICATION_PROTOCOL_DEFINITION ( 'international standard', 'config_control_design', 1994, #850 ) ;
#285 = DIRECTION ( 'NONE',  ( -0.000000000000000000, 0.000000000000000000, 1.000000000000000000 ) ) ;
#286 = PLANE ( 'NONE',  #238 ) ;
#287 = ORIENTED_EDGE ( 'NONE', *, *, #1734, .F. ) ;
#288 = CARTESIAN_POINT ( 'NONE',  ( -10.00000000000001066, 19.30000000000000071, -9.900000000000000355 ) ) ;
#289 = ORIENTED_EDGE ( 'NONE', *, *, #1477, .F. ) ;
#290 = VERTEX_POINT ( 'NONE', #740 ) ;
#291 = ORIENTED_EDGE ( 'NONE', *, *, #661, .F. ) ;
#292 = EDGE_CURVE ( 'NONE', #1944, #67, #2221, .T. ) ;
#293 = VERTEX_POINT ( 'NONE', #24 ) ;
#294 = VERTEX_POINT ( 'NONE', #171 ) ;
#295 = DIRECTION ( 'NONE',  ( 1.000000000000000000, 0.000000000000000000, 0.000000000000000000 ) ) ;
#296 = EDGE_CURVE ( 'NONE', #290, #1096, #1307, .T. ) ;
#297 = CIRCLE ( 'NONE', #519, 6.672649730810368496 ) ;
#298 = CARTESIAN_POINT ( 'NONE',  ( 10.00000000000000355, -19.29999999999997229, -37.00000000000000000 ) ) ;
#299 = ORIENTED_EDGE ( 'NONE', *, *, #2030, .F. ) ;
#300 = LOCAL_TIME ( 14, 40, 15.00000000000000000, #1173 ) ;
#301 = CARTESIAN_POINT ( 'NONE',  ( -9.000000000000007105, 19.30000000000000071, -1.000000000000000000 ) ) ;
#302 = CARTESIAN_POINT ( 'NONE',  ( 7.690598923241485529, -27.70000000000000284, -12.50000000000000000 ) ) ;
#303 = VERTEX_POINT ( 'NONE', #558 ) ;
#304 = ADVANCED_FACE ( 'NONE', ( #206 ), #1974, .F. ) ;
#305 = CARTESIAN_POINT ( 'NONE',  ( -9.000000000000007105, -19.30000000000000071, -12.50000000000000000 ) ) ;
#306 = ORIENTED_EDGE ( 'NONE', *, *, #1179, .F. ) ;
#307 = ADVANCED_FACE ( 'NONE', ( #686 ), #1782, .T. ) ;
#308 = CIRCLE ( 'NONE', #193, 1.000000000000000888 ) ;
#309 = CARTESIAN_POINT ( 'NONE',  ( 8.999999999999991118, 19.30000000000000782, -0.9999999999999991118 ) ) ;
#310 = CYLINDRICAL_SURFACE ( 'NONE', #313, 7.250000000000000000 ) ;
#311 = DIRECTION ( 'NONE',  ( 0.000000000000000000, -0.000000000000000000, -1.000000000000000000 ) ) ;
#312 = APPROVAL_ROLE ( '' ) ;
#313 = AXIS2_PLACEMENT_3D ( 'NONE', #654, #498, #2269 ) ;
#314 = CARTESIAN_POINT ( 'NONE',  ( 9.000000000000005329, -19.29999999999997229, -37.00000000000000000 ) ) ;
#315 = VERTEX_POINT ( 'NONE', #1925 ) ;
#316 = DIRECTION ( 'NONE',  ( 1.000000000000000000, 0.000000000000000000, 0.000000000000000000 ) ) ;
#317 = EDGE_CURVE ( 'NONE', #1840, #1078, #146, .T. ) ;
#318 = ORIENTED_EDGE ( 'NONE', *, *, #191, .F. ) ;
#319 = DIRECTION ( 'NONE',  ( 0.000000000000000000, 0.000000000000000000, -1.000000000000000000 ) ) ;
#320 = DIRECTION ( 'NONE',  ( 1.000000000000000000, 0.000000000000000000, 0.000000000000000000 ) ) ;
#321 = PERSON_AND_ORGANIZATION ( #2256, #2 ) ;
#322 = ORIENTED_EDGE ( 'NONE', *, *, #2188, .T. ) ;
#323 = DIRECTION ( 'NONE',  ( 1.000000000000000000, 3.469446951953610639E-15, 0.000000000000000000 ) ) ;
#324 = AXIS2_PLACEMENT_3D ( 'NONE', #1832, #1967, #1810 ) ;
#325 = EDGE_LOOP ( 'NONE', ( #1508, #1404 ) ) ;
#326 = TOROIDAL_SURFACE ( 'NONE', #1819, 5.806624327025929233, 1.000000000000000000 ) ;
#327 = FACE_OUTER_BOUND ( 'NONE', #2080, .T. ) ;
#328 = EDGE_LOOP ( 'NONE', ( #1469, #878, #796 ) ) ;
#329 = VECTOR ( 'NONE', #2024, 1000.000000000000000 ) ;
#330 = EDGE_CURVE ( 'NONE', #1398, #1563, #1607, .T. ) ;
#331 = CARTESIAN_POINT ( 'NONE',  ( 7.249999999999997335, -24.29999999999997584, -12.50000000000000000 ) ) ;
#332 = EDGE_CURVE ( 'NONE', #1341, #1578, #1225, .T. ) ;
#333 = DIRECTION ( 'NONE',  ( 0.000000000000000000, 0.000000000000000000, 1.000000000000000000 ) ) ;
#334 = VECTOR ( 'NONE', #15, 1000.000000000000000 ) ;
#335 = COORDINATED_UNIVERSAL_TIME_OFFSET ( 5, 0, .BEHIND. ) ;
#336 = ADVANCED_FACE ( 'NONE', ( #1144 ), #2008, .T. ) ;
#337 = EDGE_LOOP ( 'NONE', ( #867, #119, #162, #5 ) ) ;
#338 = CARTESIAN_POINT ( 'NONE',  ( 7.979274057836284406, 27.19999999999999574, -9.900000000000000355 ) ) ;
#339 = ORIENTED_EDGE ( 'NONE', *, *, #2205, .T. ) ;
#340 = DIRECTION ( 'NONE',  ( 1.000000000000000000, 1.387778780781444689E-15, -0.000000000000000000 ) ) ;
#341 = ORIENTED_EDGE ( 'NONE', *, *, #190, .T. ) ;
#342 = AXIS2_PLACEMENT_3D ( 'NONE', #1725, #276, #124 ) ;
#343 = FACE_OUTER_BOUND ( 'NONE', #2128, .T. ) ;
#344 = FACE_OUTER_BOUND ( 'NONE', #2053, .T. ) ;
#345 = DIRECTION ( 'NONE',  ( -0.4999999999999984457, -0.8660254037844394848, 0.000000000000000000 ) ) ;
#346 = EDGE_CURVE ( 'NONE', #303, #1919, #411, .T. ) ;
#347 = VERTEX_POINT ( 'NONE', #1489 ) ;
#348 = DIRECTION ( 'NONE',  ( 1.000000000000000000, 0.000000000000000000, -0.000000000000000000 ) ) ;
#349 = ORIENTED_EDGE ( 'NONE', *, *, #2288, .F. ) ;
#350 = DIRECTION ( 'NONE',  ( 0.000000000000000000, -0.000000000000000000, -1.000000000000000000 ) ) ;
#351 = CIRCLE ( 'NONE', #1472, 2.249999999999999112 ) ;
#352 = FACE_OUTER_BOUND ( 'NONE', #806, .T. ) ;
#353 = LINE ( 'NONE', #685, #2167 ) ;
#354 = ORIENTED_EDGE ( 'NONE', *, *, #755, .F. ) ;
#355 = DIRECTION ( 'NONE',  ( -6.262539624465007810E-17, 1.000000000000000000, -0.000000000000000000 ) ) ;
#356 = VERTEX_POINT ( 'NONE', #620 ) ;
#357 = ADVANCED_FACE ( 'NONE', ( #1328 ), #422, .T. ) ;
#358 = CARTESIAN_POINT ( 'NONE',  ( -3.429000000000006931, 20.30000000000000426, -36.00000000000000000 ) ) ;
#359 = VECTOR ( 'NONE', #1343, 1000.000000000000000 ) ;
#360 = DIRECTION ( 'NONE',  ( 1.000000000000000000, 0.000000000000000000, 0.000000000000000000 ) ) ;
#361 = EDGE_CURVE ( 'NONE', #804, #954, #2202, .T. ) ;
#362 = CIRCLE ( 'NONE', #666, 0.9999999999999991118 ) ;
#363 = CARTESIAN_POINT ( 'NONE',  ( -9.000000000000007105, -19.30000000000000071, -1.000000000000000000 ) ) ;
#364 = VECTOR ( 'NONE', #1903, 1000.000000000000114 ) ;
#365 = CARTESIAN_POINT ( 'NONE',  ( 9.000000000000007105, -23.43205080756882452, -9.899999999999998579 ) ) ;
#366 = CARTESIAN_POINT ( 'NONE',  ( -9.000000000000008882, 20.30000000000000071, -9.900000000000000355 ) ) ;
#367 = DATE_AND_TIME ( #890, #1931 ) ;
#368 = ORIENTED_EDGE ( 'NONE', *, *, #1776, .F. ) ;
#369 = FACE_OUTER_BOUND ( 'NONE', #916, .T. ) ;
#370 = AXIS2_PLACEMENT_3D ( 'NONE', #1086, #1798, #197 ) ;
#371 = VERTEX_POINT ( 'NONE', #2212 ) ;
#372 = CARTESIAN_POINT ( 'NONE',  ( -2.928999999999998938, 22.80000000000000426, -32.69000000000000483 ) ) ;
#373 = VERTEX_POINT ( 'NONE', #1859 ) ;
#374 = CARTESIAN_POINT ( 'NONE',  ( 5.806624327025931898, 9.800000000000002487, 1.000000000000000000 ) ) ;
#375 = ADVANCED_FACE ( 'NONE', ( #1133 ), #1317, .T. ) ;
#376 = FACE_OUTER_BOUND ( 'NONE', #611, .T. ) ;
#377 = ORIENTED_EDGE ( 'NONE', *, *, #1773, .T. ) ;
#378 = CIRCLE ( 'NONE', #681, 1.000000000000000888 ) ;
#379 = CARTESIAN_POINT ( 'NONE',  ( -7.690598923241498852, 27.69999999999999929, -12.50000000000000000 ) ) ;
#380 = CARTESIAN_POINT ( 'NONE',  ( -4.999999999999997335, -24.30000000000000071, -12.50000000000000000 ) ) ;
#381 = CYLINDRICAL_SURFACE ( 'NONE', #960, 1.000000000000000000 ) ;
#382 = DIRECTION ( 'NONE',  ( 1.000000000000000000, 3.469446951953615668E-16, 0.000000000000000000 ) ) ;
#383 = ORIENTED_EDGE ( 'NONE', *, *, #242, .F. ) ;
#384 = ORIENTED_EDGE ( 'NONE', *, *, #1141, .T. ) ;
#385 = DIRECTION ( 'NONE',  ( 1.000000000000000000, 6.262539624465004112E-17, 0.000000000000000000 ) ) ;
#386 = ORIENTED_EDGE ( 'NONE', *, *, #61, .F. ) ;
#387 = DIRECTION ( 'NONE',  ( -0.000000000000000000, -0.000000000000000000, -1.000000000000000000 ) ) ;
#388 = FACE_OUTER_BOUND ( 'NONE', #1723, .T. ) ;
#389 = ADVANCED_BREP_SHAPE_REPRESENTATION ( 'VS-2', ( #267, #709 ), #1753 ) ;
#390 = ORIENTED_EDGE ( 'NONE', *, *, #296, .T. ) ;
#391 = VECTOR ( 'NONE', #844, 1000.000000000000000 ) ;
#392 = EDGE_CURVE ( 'NONE', #497, #761, #924, .T. ) ;
#393 = FACE_BOUND ( 'NONE', #2047, .T. ) ;
#394 = EDGE_CURVE ( 'NONE', #1786, #2035, #760, .T. ) ;
#395 = FACE_BOUND ( 'NONE', #1339, .T. ) ;
#396 = LINE ( 'NONE', #1804, #1221 ) ;
#397 = EDGE_CURVE ( 'NONE', #1673, #2090, #246, .T. ) ;
#398 = CARTESIAN_POINT ( 'NONE',  ( -10.00000000000000711, -19.30000000000000071, -37.00000000000000000 ) ) ;
#399 = CYLINDRICAL_SURFACE ( 'NONE', #1833, 1.000000000000000888 ) ;
#400 = ORIENTED_EDGE ( 'NONE', *, *, #494, .F. ) ;
#401 = DIRECTION ( 'NONE',  ( 0.000000000000000000, -0.000000000000000000, -1.000000000000000000 ) ) ;
#402 = LINE ( 'NONE', #1112, #1187 ) ;
#403 = LINE ( 'NONE', #1435, #2073 ) ;
#404 = LINE ( 'NONE', #875, #817 ) ;
#405 = LINE ( 'NONE', #1090, #1497 ) ;
#406 = AXIS2_PLACEMENT_3D ( 'NONE', #1548, #2284, #1041 ) ;
#407 = FACE_OUTER_BOUND ( 'NONE', #615, .T. ) ;
#408 = AXIS2_PLACEMENT_3D ( 'NONE', #2122, #531, #158 ) ;
#409 = DIRECTION ( 'NONE',  ( -0.000000000000000000, 0.000000000000000000, 1.000000000000000000 ) ) ;
#410 = EDGE_CURVE ( 'NONE', #1578, #1341, #297, .T. ) ;
#411 = CIRCLE ( 'NONE', #1595, 0.9999999999999991118 ) ;
#412 = ORIENTED_EDGE ( 'NONE', *, *, #1400, .T. ) ;
#413 = CARTESIAN_POINT ( 'NONE',  ( 10.00000000000000355, -19.29999999999997229, -36.00000000000000000 ) ) ;
#414 = EDGE_LOOP ( 'NONE', ( #196, #1350 ) ) ;
#415 = DIRECTION ( 'NONE',  ( 1.000000000000000000, 0.000000000000000000, 0.000000000000000000 ) ) ;
#416 = DIRECTION ( 'NONE',  ( 3.131269812232504891E-16, -1.000000000000000000, 0.000000000000000000 ) ) ;
#417 = VECTOR ( 'NONE', #1954, 1000.000000000000000 ) ;
#418 = CC_DESIGN_APPROVAL ( #1745, ( #1529 ) ) ;
#419 = CARTESIAN_POINT ( 'NONE',  ( -9.866025403784448145, 23.93205080756884939, -9.900000000000000355 ) ) ;
#420 = ORIENTED_EDGE ( 'NONE', *, *, #731, .T. ) ;
#421 = DIRECTION ( 'NONE',  ( 1.000000000000000000, 1.387778780781444887E-15, 0.000000000000000000 ) ) ;
#422 = CYLINDRICAL_SURFACE ( 'NONE', #1522, 1.000000000000000888 ) ;
#423 = AXIS2_PLACEMENT_3D ( 'NONE', #19, #1451, #1956 ) ;
#424 = EDGE_LOOP ( 'NONE', ( #2059, #1539, #1122, #722, #2141, #1785, #1728, #715 ) ) ;
#425 = EDGE_CURVE ( 'NONE', #665, #1738, #1634, .T. ) ;
#426 = VERTEX_POINT ( 'NONE', #1299 ) ;
#427 = CARTESIAN_POINT ( 'NONE',  ( 4.999999999999978684, 24.30000000000000426, -12.50000000000000000 ) ) ;
#428 = ORIENTED_EDGE ( 'NONE', *, *, #1518, .T. ) ;
#429 = FACE_OUTER_BOUND ( 'NONE', #1134, .T. ) ;
#430 = DIRECTION ( 'NONE',  ( 0.000000000000000000, 0.000000000000000000, 1.000000000000000000 ) ) ;
#431 = EDGE_LOOP ( 'NONE', ( #601, #933, #1882, #1608 ) ) ;
#432 = AXIS2_PLACEMENT_3D ( 'NONE', #813, #1523, #2239 ) ;
#433 = ORIENTED_EDGE ( 'NONE', *, *, #1334, .T. ) ;
#434 = CARTESIAN_POINT ( 'NONE',  ( -2.749999999999998668, -24.30000000000000071, -12.50000000000000000 ) ) ;
#435 = CARTESIAN_POINT ( 'NONE',  ( 2.192117770473762465E-15, 9.800000000000002487, 1.500000000000001332 ) ) ;
#436 = CARTESIAN_POINT ( 'NONE',  ( 5.806624327025931898, 9.800000000000002487, 2.000000000000000000 ) ) ;
#437 = VERTEX_POINT ( 'NONE', #1107 ) ;
#438 = LINE ( 'NONE', #1852, #1969 ) ;
#439 = EDGE_CURVE ( 'NONE', #104, #1398, #66, .T. ) ;
#440 = CARTESIAN_POINT ( 'NONE',  ( -9.000000000000008882, 20.30000000000000071, -36.00000000000000000 ) ) ;
#441 = EDGE_CURVE ( 'NONE', #2241, #248, #222, .T. ) ;
#442 = PLANE ( 'NONE',  #682 ) ;
#443 = EDGE_CURVE ( 'NONE', #580, #665, #1645, .T. ) ;
#444 = CIRCLE ( 'NONE', #2037, 0.9999999999999991118 ) ;
#445 = DIRECTION ( 'NONE',  ( 0.000000000000000000, 0.000000000000000000, 1.000000000000000000 ) ) ;
#446 = DIRECTION ( 'NONE',  ( -8.673617379884026597E-16, 0.000000000000000000, 1.000000000000000000 ) ) ;
#447 = VECTOR ( 'NONE', #901, 1000.000000000000000 ) ;
#448 = ORIENTED_EDGE ( 'NONE', *, *, #971, .F. ) ;
#449 = EDGE_LOOP ( 'NONE', ( #777, #1229, #258, #2153, #700, #1273 ) ) ;
#450 = AXIS2_PLACEMENT_3D ( 'NONE', #1035, #499, #521 ) ;
#451 = VECTOR ( 'NONE', #1415, 1000.000000000000000 ) ;
#452 = ORIENTED_EDGE ( 'NONE', *, *, #1910, .F. ) ;
#453 = FACE_BOUND ( 'NONE', #2218, .T. ) ;
#454 = DIRECTION ( 'NONE',  ( 0.000000000000000000, 0.000000000000000000, -1.000000000000000000 ) ) ;
#455 = DIRECTION ( 'NONE',  ( 0.000000000000000000, -0.000000000000000000, 1.000000000000000000 ) ) ;
#456 = AXIS2_PLACEMENT_3D ( 'NONE', #1692, #1332, #2182 ) ;
#457 = EDGE_CURVE ( 'NONE', #1103, #1707, #1156, .T. ) ;
#458 = CARTESIAN_POINT ( 'NONE',  ( -9.866025403784446368, -23.93205080756886360, -12.50000000000000000 ) ) ;
#459 = ORIENTED_EDGE ( 'NONE', *, *, #2123, .T. ) ;
#460 = ORIENTED_EDGE ( 'NONE', *, *, #1217, .T. ) ;
#461 = DIRECTION ( 'NONE',  ( 1.000000000000000000, 0.000000000000000000, 0.000000000000000000 ) ) ;
#462 = AXIS2_PLACEMENT_3D ( 'NONE', #556, #204, #1632 ) ;
#463 = ORIENTED_EDGE ( 'NONE', *, *, #543, .F. ) ;
#464 = PERSON_AND_ORGANIZATION_ROLE ( 'design_owner' ) ;
#465 = LINE ( 'NONE', #250, #1150 ) ;
#466 = VECTOR ( 'NONE', #1128, 1000.000000000000000 ) ;
#467 = LINE ( 'NONE', #2065, #1761 ) ;
#468 = ORIENTED_EDGE ( 'NONE', *, *, #1869, .F. ) ;
#469 = ADVANCED_FACE ( 'NONE', ( #2013 ), #1456, .F. ) ;
#470 = DIRECTION ( 'NONE',  ( -1.000000000000000000, 0.000000000000000000, 0.000000000000000000 ) ) ;
#471 = DIRECTION ( 'NONE',  ( 0.000000000000000000, 0.000000000000000000, 1.000000000000000000 ) ) ;
#472 = EDGE_CURVE ( 'NONE', #1182, #2090, #1651, .T. ) ;
#473 = ORIENTED_EDGE ( 'NONE', *, *, #612, .F. ) ;
#474 = CIRCLE ( 'NONE', #1705, 2.250000000000000444 ) ;
#475 = EDGE_LOOP ( 'NONE', ( #1894, #45 ) ) ;
#476 = CARTESIAN_POINT ( 'NONE',  ( 3.000000000000002665, 9.800000000000002487, 6.000000000000000000 ) ) ;
#477 = EDGE_LOOP ( 'NONE', ( #1161, #2156 ) ) ;
#478 = DIRECTION ( 'NONE',  ( -0.000000000000000000, -1.000000000000000000, -0.000000000000000000 ) ) ;
#479 = CARTESIAN_POINT ( 'NONE',  ( -10.00000000000000888, -6.262539624465013727E-16, -1.000000000000000888 ) ) ;
#480 = ORIENTED_EDGE ( 'NONE', *, *, #1575, .F. ) ;
#481 = DIRECTION ( 'NONE',  ( 0.000000000000000000, -0.000000000000000000, -1.000000000000000000 ) ) ;
#482 = DIRECTION ( 'NONE',  ( -1.000000000000000000, 0.000000000000000000, 0.000000000000000000 ) ) ;
#483 = EDGE_LOOP ( 'NONE', ( #646, #322, #1992, #236 ) ) ;
#484 = AXIS2_PLACEMENT_3D ( 'NONE', #374, #592, #1955 ) ;
#485 = EDGE_CURVE ( 'NONE', #1277, #1911, #769, .T. ) ;
#486 = CALENDAR_DATE ( 2025, 12, 9 ) ;
#487 = FACE_OUTER_BOUND ( 'NONE', #277, .T. ) ;
#488 = VERTEX_POINT ( 'NONE', #1544 ) ;
#489 = DIRECTION ( 'NONE',  ( 1.000000000000000000, 0.000000000000000000, 0.000000000000000000 ) ) ;
#490 = DIRECTION ( 'NONE',  ( 0.000000000000000000, 0.000000000000000000, 1.000000000000000000 ) ) ;
#491 = ORIENTED_EDGE ( 'NONE', *, *, #1847, .T. ) ;
#492 = APPROVAL_STATUS ( 'not_yet_approved' ) ;
#493 = CARTESIAN_POINT ( 'NONE',  ( -9.000000000000007105, -19.30000000000000071, -36.00000000000000000 ) ) ;
#494 = EDGE_CURVE ( 'NONE', #815, #1707, #99, .T. ) ;
#495 = CIRCLE ( 'NONE', #1657, 1.000000000000000000 ) ;
#496 = CARTESIAN_POINT ( 'NONE',  ( 4.999999999999978684, 24.30000000000000426, -9.900000000000000355 ) ) ;
#497 = VERTEX_POINT ( 'NONE', #458 ) ;
#498 = DIRECTION ( 'NONE',  ( -0.000000000000000000, -0.000000000000000000, -1.000000000000000000 ) ) ;
#499 = DIRECTION ( 'NONE',  ( 0.000000000000000000, -1.000000000000000000, -0.000000000000000000 ) ) ;
#500 = DIRECTION ( 'NONE',  ( -0.000000000000000000, 0.000000000000000000, 1.000000000000000000 ) ) ;
#501 = ORIENTED_EDGE ( 'NONE', *, *, #781, .F. ) ;
#502 = EDGE_LOOP ( 'NONE', ( #768, #156, #318 ) ) ;
#503 = AXIS2_PLACEMENT_3D ( 'NONE', #2223, #481, #269 ) ;
#504 = EDGE_CURVE ( 'NONE', #1262, #290, #1381, .T. ) ;
#505 = ORIENTED_EDGE ( 'NONE', *, *, #1450, .T. ) ;
#506 = FACE_OUTER_BOUND ( 'NONE', #773, .T. ) ;
#507 = DIRECTION ( 'NONE',  ( 0.000000000000000000, -0.000000000000000000, -1.000000000000000000 ) ) ;
#508 = EDGE_CURVE ( 'NONE', #696, #356, #20, .T. ) ;
#509 = CARTESIAN_POINT ( 'NONE',  ( 9.000000000000007105, -20.29999999999997584, -12.50000000000000000 ) ) ;
#510 = CARTESIAN_POINT ( 'NONE',  ( 9.999999999999989342, 19.30000000000000782, -37.00000000000000000 ) ) ;
#511 = CARTESIAN_POINT ( 'NONE',  ( -7.042977312465839170E-15, 20.30000000000000426, -9.900000000000000355 ) ) ;
#512 = ORIENTED_EDGE ( 'NONE', *, *, #1120, .T. ) ;
#513 = CARTESIAN_POINT ( 'NONE',  ( 2.192117770473762465E-15, 9.800000000000002487, 1.000000000000000000 ) ) ;
#514 = AXIS2_PLACEMENT_3D ( 'NONE', #496, #1907, #316 ) ;
#515 = TOROIDAL_SURFACE ( 'NONE', #1853, 5.806624327025929233, 1.000000000000000000 ) ;
#516 = CARTESIAN_POINT ( 'NONE',  ( 7.113248654051845143, 26.69999999999999929, -9.900000000000000355 ) ) ;
#517 = CARTESIAN_POINT ( 'NONE',  ( 9.000000000000005329, -19.29999999999997229, -1.000000000000000000 ) ) ;
#518 = AXIS2_PLACEMENT_3D ( 'NONE', #2069, #1871, #1170 ) ;
#519 = AXIS2_PLACEMENT_3D ( 'NONE', #435, #1499, #1468 ) ;
#520 = EDGE_CURVE ( 'NONE', #1944, #315, #581, .T. ) ;
#521 = DIRECTION ( 'NONE',  ( 0.000000000000000000, 0.000000000000000000, 1.000000000000000000 ) ) ;
#522 = CARTESIAN_POINT ( 'NONE',  ( -2.928999999999995385, 22.80000000000000426, 3.333992822267754469E-16 ) ) ;
#523 = CIRCLE ( 'NONE', #1272, 1.000000000000000888 ) ;
#524 = VERTEX_POINT ( 'NONE', #288 ) ;
#525 = ORIENTED_EDGE ( 'NONE', *, *, #855, .T. ) ;
#526 = DIRECTION ( 'NONE',  ( 0.000000000000000000, 0.000000000000000000, -1.000000000000000000 ) ) ;
#527 = CARTESIAN_POINT ( 'NONE',  ( -4.999999999999997335, 24.30000000000000071, -9.900000000000000355 ) ) ;
#528 = VERTEX_POINT ( 'NONE', #1024 ) ;
#529 = CIRCLE ( 'NONE', #423, 5.806624327025929233 ) ;
#530 = CIRCLE ( 'NONE', #1054, 1.000000000000000000 ) ;
#531 = DIRECTION ( 'NONE',  ( 3.418174336900113874E-16, -1.000000000000000000, 0.000000000000000000 ) ) ;
#532 = CARTESIAN_POINT ( 'NONE',  ( 9.000000000000007105, -20.29999999999997584, -36.00000000000000000 ) ) ;
#533 = EDGE_CURVE ( 'NONE', #2241, #2106, #1506, .T. ) ;
#534 = ORIENTED_EDGE ( 'NONE', *, *, #1246, .F. ) ;
#535 = CARTESIAN_POINT ( 'NONE',  ( 2.192117770473762465E-15, 9.800000000000002487, 2.000000000000000000 ) ) ;
#536 = VERTEX_POINT ( 'NONE', #1892 ) ;
#537 = CARTESIAN_POINT ( 'NONE',  ( -10.00000000000000711, -23.69999999999998508, -37.00000000000000000 ) ) ;
#538 = ORIENTED_EDGE ( 'NONE', *, *, #1120, .F. ) ;
#539 = CARTESIAN_POINT ( 'NONE',  ( 8.999999999999991118, 19.30000000000000782, -9.899999999999998579 ) ) ;
#540 = ORIENTED_EDGE ( 'NONE', *, *, #332, .T. ) ;
#541 = DIRECTION ( 'NONE',  ( 1.000000000000000000, 0.000000000000000000, 0.000000000000000000 ) ) ;
#542 = ORIENTED_EDGE ( 'NONE', *, *, #2273, .T. ) ;
#543 = EDGE_CURVE ( 'NONE', #950, #373, #1878, .T. ) ;
#544 = DIRECTION ( 'NONE',  ( 1.000000000000000000, 0.000000000000000000, 0.000000000000000000 ) ) ;
#545 = ORIENTED_EDGE ( 'NONE', *, *, #1430, .T. ) ;
#546 = LINE ( 'NONE', #2118, #1414 ) ;
#547 = VERTEX_POINT ( 'NONE', #2251 ) ;
#548 = AXIS2_PLACEMENT_3D ( 'NONE', #577, #1644, #1101 ) ;
#549 = DIRECTION ( 'NONE',  ( 0.000000000000000000, -1.734723475976805714E-15, 1.000000000000000000 ) ) ;
#550 = EDGE_CURVE ( 'NONE', #1030, #547, #2259, .T. ) ;
#551 = AXIS2_PLACEMENT_3D ( 'NONE', #689, #1898, #2103 ) ;
#552 = DIRECTION ( 'NONE',  ( -0.000000000000000000, -0.000000000000000000, -1.000000000000000000 ) ) ;
#553 = CARTESIAN_POINT ( 'NONE',  ( 0.000000000000000000, 0.000000000000000000, 0.000000000000000000 ) ) ;
#554 = CIRCLE ( 'NONE', #450, 1.000000000000000888 ) ;
#555 = CARTESIAN_POINT ( 'NONE',  ( -7.979274057836311940, 27.19999999999999574, -12.50000000000000000 ) ) ;
#556 = CARTESIAN_POINT ( 'NONE',  ( 9.000000000000005329, -19.29999999999997229, -1.000000000000000000 ) ) ;
#557 = LINE ( 'NONE', #141, #1519 ) ;
#558 = CARTESIAN_POINT ( 'NONE',  ( -10.00000000000000711, -23.43205080756886360, -9.900000000000000355 ) ) ;
#559 = ORIENTED_EDGE ( 'NONE', *, *, #2301, .F. ) ;
#560 = CARTESIAN_POINT ( 'NONE',  ( -4.999999999999997335, -24.30000000000000071, -9.900000000000000355 ) ) ;
#561 = ORIENTED_EDGE ( 'NONE', *, *, #443, .F. ) ;
#562 = CARTESIAN_POINT ( 'NONE',  ( 0.000000000000000000, -27.70000000000000284, -9.900000000000000355 ) ) ;
#563 = EDGE_CURVE ( 'NONE', #1289, #2106, #1554, .T. ) ;
#564 = DIRECTION ( 'NONE',  ( 0.000000000000000000, -0.000000000000000000, -1.000000000000000000 ) ) ;
#565 = ADVANCED_FACE ( 'NONE', ( #1370 ), #310, .T. ) ;
#566 = DIRECTION ( 'NONE',  ( 0.000000000000000000, 0.000000000000000000, 1.000000000000000000 ) ) ;
#567 = EDGE_LOOP ( 'NONE', ( #1481, #2032, #2086, #990 ) ) ;
#568 = VECTOR ( 'NONE', #784, 1000.000000000000000 ) ;
#569 = SPHERICAL_SURFACE ( 'NONE', #828, 1.000000000000000000 ) ;
#570 = CARTESIAN_POINT ( 'NONE',  ( -10.00000000000000711, -19.30000000000000071, -9.900000000000000355 ) ) ;
#571 = DIRECTION ( 'NONE',  ( 1.000000000000000000, 0.000000000000000000, 0.000000000000000000 ) ) ;
#572 = EDGE_LOOP ( 'NONE', ( #937, #339, #1851, #1848 ) ) ;
#573 = CARTESIAN_POINT ( 'NONE',  ( -7.113248654051875342, -27.70000000000000284, -12.50000000000000000 ) ) ;
#574 = ORIENTED_EDGE ( 'NONE', *, *, #242, .T. ) ;
#575 = FACE_BOUND ( 'NONE', #414, .T. ) ;
#576 = EDGE_LOOP ( 'NONE', ( #903, #428, #1549, #1994, #28, #377, #1884, #202, #412, #1004, #1210, #2227 ) ) ;
#577 = CARTESIAN_POINT ( 'NONE',  ( 2.192117770473762465E-15, 9.800000000000002487, 6.000000000000000000 ) ) ;
#578 = EDGE_CURVE ( 'NONE', #676, #2035, #2067, .T. ) ;
#579 = LINE ( 'NONE', #728, #973 ) ;
#580 = VERTEX_POINT ( 'NONE', #1348 ) ;
#581 = CIRCLE ( 'NONE', #282, 7.250000000000000000 ) ;
#582 = EDGE_CURVE ( 'NONE', #488, #1805, #1908, .T. ) ;
#583 = CARTESIAN_POINT ( 'NONE',  ( -9.000000000000008882, 23.43205080756884584, -37.00000000000000000 ) ) ;
#584 = CARTESIAN_POINT ( 'NONE',  ( -2.999999999999998224, 9.800000000000002487, 6.000000000000000000 ) ) ;
#585 = FACE_OUTER_BOUND ( 'NONE', #239, .T. ) ;
#586 = EDGE_CURVE ( 'NONE', #1262, #91, #1428, .T. ) ;
#587 = CARTESIAN_POINT ( 'NONE',  ( -7.113248654051875342, -27.70000000000000284, -12.50000000000000000 ) ) ;
#588 = ORIENTED_EDGE ( 'NONE', *, *, #1688, .T. ) ;
#589 = DIRECTION ( 'NONE',  ( 0.000000000000000000, 0.000000000000000000, 1.000000000000000000 ) ) ;
#590 = ORIENTED_EDGE ( 'NONE', *, *, #151, .T. ) ;
#591 = CYLINDRICAL_SURFACE ( 'NONE', #1160, 2.250000000000000444 ) ;
#592 = DIRECTION ( 'NONE',  ( 0.000000000000000000, -1.000000000000000000, 0.000000000000000000 ) ) ;
#593 = CARTESIAN_POINT ( 'NONE',  ( -4.805184028455755652E-15, 27.69999999999999929, -12.50000000000000000 ) ) ;
#594 = ORIENTED_EDGE ( 'NONE', *, *, #1847, .F. ) ;
#595 = AXIS2_PLACEMENT_3D ( 'NONE', #1314, #1323, #2029 ) ;
#596 = ADVANCED_FACE ( 'NONE', ( #1697, #1509, #629 ), #1337, .T. ) ;
#597 = FACE_OUTER_BOUND ( 'NONE', #1032, .T. ) ;
#598 = AXIS2_PLACEMENT_3D ( 'NONE', #583, #1958, #1243 ) ;
#599 = CARTESIAN_POINT ( 'NONE',  ( -9.000000000000007105, -23.43205080756886360, -12.50000000000000000 ) ) ;
#600 = VECTOR ( 'NONE', #1663, 1000.000000000000000 ) ;
#601 = ORIENTED_EDGE ( 'NONE', *, *, #394, .F. ) ;
#602 = ORIENTED_EDGE ( 'NONE', *, *, #2203, .T. ) ;
#603 = CARTESIAN_POINT ( 'NONE',  ( -10.00000000000001066, 19.30000000000000071, -9.900000000000000355 ) ) ;
#604 = FACE_OUTER_BOUND ( 'NONE', #272, .T. ) ;
#605 = CIRCLE ( 'NONE', #370, 0.9999999999999991118 ) ;
#606 = DIRECTION ( 'NONE',  ( -0.000000000000000000, -1.000000000000000000, -0.000000000000000000 ) ) ;
#607 = VERTEX_POINT ( 'NONE', #641 ) ;
#608 = ORIENTED_EDGE ( 'NONE', *, *, #86, .T. ) ;
#609 = CARTESIAN_POINT ( 'NONE',  ( 7.250000000000002665, 9.800000000000004263, 0.4999999999999880651 ) ) ;
#610 = CARTESIAN_POINT ( 'NONE',  ( 17.76240103484556343, 10.25512701892212775, -9.900000000000000355 ) ) ;
#611 = EDGE_LOOP ( 'NONE', ( #1363, #2214, #1322, #1830 ) ) ;
#612 = EDGE_CURVE ( 'NONE', #1227, #2038, #1178, .T. ) ;
#613 = ORIENTED_EDGE ( 'NONE', *, *, #1092, .F. ) ;
#614 = DIRECTION ( 'NONE',  ( 0.000000000000000000, 0.000000000000000000, 1.000000000000000000 ) ) ;
#615 = EDGE_LOOP ( 'NONE', ( #1710, #1410, #1431, #98, #2267, #542, #134, #2027, #198, #460, #753, #909 ) ) ;
#616 = DIRECTION ( 'NONE',  ( 1.000000000000000000, 0.000000000000000000, 0.000000000000000000 ) ) ;
#617 = DIRECTION ( 'NONE',  ( 1.000000000000000000, 0.000000000000000000, 0.000000000000000000 ) ) ;
#618 = VECTOR ( 'NONE', #1418, 1000.000000000000000 ) ;
#619 = DIRECTION ( 'NONE',  ( -0.000000000000000000, -0.000000000000000000, -1.000000000000000000 ) ) ;
#620 = CARTESIAN_POINT ( 'NONE',  ( -9.000000000000005329, -20.30000000000000071, -1.000000000000000000 ) ) ;
#621 = CARTESIAN_POINT ( 'NONE',  ( 4.999999999999997335, -24.29999999999997584, -9.900000000000000355 ) ) ;
#622 = ORIENTED_EDGE ( 'NONE', *, *, #1362, .T. ) ;
#623 = ORIENTED_EDGE ( 'NONE', *, *, #1195, .F. ) ;
#624 = CARTESIAN_POINT ( 'NONE',  ( 2.192117770473762465E-15, 9.800000000000002487, 2.000000000000000000 ) ) ;
#625 = DIRECTION ( 'NONE',  ( 0.000000000000000000, -0.000000000000000000, -1.000000000000000000 ) ) ;
#626 = EDGE_CURVE ( 'NONE', #886, #2225, #868, .T. ) ;
#627 = DIRECTION ( 'NONE',  ( 1.000000000000000000, 0.000000000000000000, 0.000000000000000000 ) ) ;
#628 = VECTOR ( 'NONE', #658, 1000.000000000000000 ) ;
#629 = FACE_BOUND ( 'NONE', #1087, .T. ) ;
#630 = AXIS2_PLACEMENT_3D ( 'NONE', #952, #780, #1814 ) ;
#631 = ORIENTED_EDGE ( 'NONE', *, *, #1518, .F. ) ;
#632 = EDGE_LOOP ( 'NONE', ( #2143, #1491, #1510, #101 ) ) ;
#633 = AXIS2_PLACEMENT_3D ( 'NONE', #1234, #2101, #730 ) ;
#634 = ORIENTED_EDGE ( 'NONE', *, *, #931, .T. ) ;
#635 = PLANE ( 'NONE',  #2265 ) ;
#636 = EDGE_CURVE ( 'NONE', #2038, #1786, #1060, .T. ) ;
#637 = CARTESIAN_POINT ( 'NONE',  ( -10.00000000000000888, -6.262539624465013727E-16, -37.00000000000000000 ) ) ;
#638 = VECTOR ( 'NONE', #614, 1000.000000000000000 ) ;
#639 = EDGE_CURVE ( 'NONE', #1534, #815, #1209, .T. ) ;
#640 = ORIENTED_EDGE ( 'NONE', *, *, #2199, .F. ) ;
#641 = CARTESIAN_POINT ( 'NONE',  ( 3.000000000000002665, 9.800000000000002487, 2.000000000000000000 ) ) ;
#642 = ORIENTED_EDGE ( 'NONE', *, *, #793, .F. ) ;
#643 = ORIENTED_EDGE ( 'NONE', *, *, #2108, .T. ) ;
#644 = ORIENTED_EDGE ( 'NONE', *, *, #1668, .T. ) ;
#645 = CIRCLE ( 'NONE', #1387, 0.9999999999999991118 ) ;
#646 = ORIENTED_EDGE ( 'NONE', *, *, #2205, .F. ) ;
#647 = COORDINATED_UNIVERSAL_TIME_OFFSET ( 5, 0, .BEHIND. ) ;
#648 = CARTESIAN_POINT ( 'NONE',  ( 0.000000000000000000, 0.000000000000000000, -37.00000000000000000 ) ) ;
#649 = VECTOR ( 'NONE', #862, 1000.000000000000000 ) ;
#650 = LINE ( 'NONE', #155, #1572 ) ;
#651 = ADVANCED_FACE ( 'NONE', ( #1793 ), #149, .T. ) ;
#652 = ORIENTED_EDGE ( 'NONE', *, *, #2216, .F. ) ;
#653 = EDGE_CURVE ( 'NONE', #315, #1944, #2096, .T. ) ;
#654 = CARTESIAN_POINT ( 'NONE',  ( 2.192117770473762465E-15, 9.800000000000002487, 2.000000000000000000 ) ) ;
#655 = ORIENTED_EDGE ( 'NONE', *, *, #1570, .T. ) ;
#656 = ORIENTED_EDGE ( 'NONE', *, *, #2054, .F. ) ;
#657 = PERSON_AND_ORGANIZATION_ROLE ( 'creator' ) ;
#658 = DIRECTION ( 'NONE',  ( 1.000000000000000000, 0.000000000000000000, 0.000000000000000000 ) ) ;
#659 = CARTESIAN_POINT ( 'NONE',  ( -5.806624327025926569, 9.800000000000002487, 2.000000000000000000 ) ) ;
#660 = CARTESIAN_POINT ( 'NONE',  ( -10.00000000000001066, 19.30000000000000071, 0.000000000000000000 ) ) ;
#661 = EDGE_CURVE ( 'NONE', #1911, #1277, #351, .T. ) ;
#662 = VECTOR ( 'NONE', #1278, 1000.000000000000000 ) ;
#663 = CYLINDRICAL_SURFACE ( 'NONE', #408, 1.000000000000000888 ) ;
#664 = FACE_BOUND ( 'NONE', #154, .T. ) ;
#665 = VERTEX_POINT ( 'NONE', #1048 ) ;
#666 = AXIS2_PLACEMENT_3D ( 'NONE', #305, #668, #1399 ) ;
#667 = APPLICATION_PROTOCOL_DEFINITION ( 'international standard', 'config_control_design', 1994, #1256 ) ;
#668 = DIRECTION ( 'NONE',  ( -0.000000000000000000, 0.000000000000000000, 1.000000000000000000 ) ) ;
#669 = VECTOR ( 'NONE', #2240, 1000.000000000000227 ) ;
#670 = CARTESIAN_POINT ( 'NONE',  ( -7.249999999999997335, 9.800000000000002487, 2.000000000000000000 ) ) ;
#671 = ORIENTED_EDGE ( 'NONE', *, *, #2216, .T. ) ;
#672 = VECTOR ( 'NONE', #1841, 1000.000000000000000 ) ;
#673 = DIRECTION ( 'NONE',  ( -0.000000000000000000, 0.000000000000000000, 1.000000000000000000 ) ) ;
#674 = DIRECTION ( 'NONE',  ( -0.000000000000000000, 1.000000000000000000, -0.000000000000000000 ) ) ;
#675 = DIRECTION ( 'NONE',  ( 1.224646799147353207E-16, 1.000000000000000000, 0.000000000000000000 ) ) ;
#676 = VERTEX_POINT ( 'NONE', #695 ) ;
#677 = PERSON_AND_ORGANIZATION_ROLE ( 'creator' ) ;
#678 = CC_DESIGN_DATE_AND_TIME_ASSIGNMENT ( #367, #721, ( #1529 ) ) ;
#679 = DIRECTION ( 'NONE',  ( 0.000000000000000000, 0.000000000000000000, 1.000000000000000000 ) ) ;
#680 = EDGE_CURVE ( 'NONE', #43, #497, #708, .T. ) ;
#681 = AXIS2_PLACEMENT_3D ( 'NONE', #363, #48, #1294 ) ;
#682 = AXIS2_PLACEMENT_3D ( 'NONE', #1151, #2222, #810 ) ;
#683 = LINE ( 'NONE', #1577, #275 ) ;
#684 = CARTESIAN_POINT ( 'NONE',  ( 9.866025403784446368, -23.93205080756882097, -12.50000000000000000 ) ) ;
#685 = CARTESIAN_POINT ( 'NONE',  ( -2.749999999999999112, 24.30000000000000071, -12.50000000000000000 ) ) ;
#686 = FACE_OUTER_BOUND ( 'NONE', #1927, .T. ) ;
#687 = ORIENTED_EDGE ( 'NONE', *, *, #2094, .T. ) ;
#688 = AXIS2_PLACEMENT_3D ( 'NONE', #825, #136, #1880 ) ;
#689 = CARTESIAN_POINT ( 'NONE',  ( 2.192117770473762465E-15, 9.800000000000002487, 6.000000000000000000 ) ) ;
#690 = ORIENTED_EDGE ( 'NONE', *, *, #2060, .T. ) ;
#691 = LINE ( 'NONE', #562, #2238 ) ;
#692 = EDGE_CURVE ( 'NONE', #91, #1262, #474, .T. ) ;
#693 = FACE_OUTER_BOUND ( 'NONE', #1198, .T. ) ;
#694 = DIRECTION ( 'NONE',  ( -0.000000000000000000, -0.000000000000000000, -1.000000000000000000 ) ) ;
#695 = CARTESIAN_POINT ( 'NONE',  ( 7.979274057836282630, 27.19999999999999574, -12.50000000000000000 ) ) ;
#696 = VERTEX_POINT ( 'NONE', #1036 ) ;
#697 = CIRCLE ( 'NONE', #2075, 2.250000000000000444 ) ;
#698 = VERTEX_POINT ( 'NONE', #854 ) ;
#699 = DIRECTION ( 'NONE',  ( 0.000000000000000000, 0.000000000000000000, 1.000000000000000000 ) ) ;
#700 = ORIENTED_EDGE ( 'NONE', *, *, #843, .F. ) ;
#701 = SPHERICAL_SURFACE ( 'NONE', #1940, 1.000000000000000000 ) ;
#702 = VECTOR ( 'NONE', #1556, 1000.000000000000000 ) ;
#703 = EDGE_CURVE ( 'NONE', #14, #1762, #1959, .T. ) ;
#704 = AXIS2_PLACEMENT_3D ( 'NONE', #168, #178, #1588 ) ;
#705 = LINE ( 'NONE', #32, #451 ) ;
#706 = EDGE_CURVE ( 'NONE', #1735, #265, #131, .T. ) ;
#707 = CARTESIAN_POINT ( 'NONE',  ( 4.999999999999978684, 24.30000000000000426, -9.900000000000000355 ) ) ;
#708 = LINE ( 'NONE', #2137, #1620 ) ;
#709 = AXIS2_PLACEMENT_3D ( 'NONE', #1703, #1005, #2263 ) ;
#710 = CARTESIAN_POINT ( 'NONE',  ( 2.192117770473762465E-15, 9.800000000000002487, 1.500000000000001332 ) ) ;
#711 = EDGE_LOOP ( 'NONE', ( #1613, #1384, #671, #655 ) ) ;
#712 = DIRECTION ( 'NONE',  ( 1.138269997360109428E-16, 0.000000000000000000, 1.000000000000000000 ) ) ;
#713 = VERTEX_POINT ( 'NONE', #532 ) ;
#714 = DIRECTION ( 'NONE',  ( 0.4999999999999983347, -0.8660254037844395958, 0.000000000000000000 ) ) ;
#715 = ORIENTED_EDGE ( 'NONE', *, *, #1722, .F. ) ;
#716 = CARTESIAN_POINT ( 'NONE',  ( -9.000000000000007105, -19.30000000000000071, -37.00000000000000000 ) ) ;
#717 = EDGE_LOOP ( 'NONE', ( #1862, #1702, #985, #1772 ) ) ;
#718 = CIRCLE ( 'NONE', #462, 1.000000000000000888 ) ;
#719 = EDGE_CURVE ( 'NONE', #373, #698, #2271, .T. ) ;
#720 = DIRECTION ( 'NONE',  ( 1.000000000000000000, 0.000000000000000000, 0.000000000000000000 ) ) ;
#721 = DATE_TIME_ROLE ( 'classification_date' ) ;
#722 = ORIENTED_EDGE ( 'NONE', *, *, #1246, .T. ) ;
#723 = DIRECTION ( 'NONE',  ( 0.000000000000000000, 0.000000000000000000, -1.000000000000000000 ) ) ;
#724 = AXIS2_PLACEMENT_3D ( 'NONE', #301, #118, #1196 ) ;
#725 = CARTESIAN_POINT ( 'NONE',  ( 2.192117770473762465E-15, 9.800000000000002487, 0.000000000000000000 ) ) ;
#726 = ORIENTED_EDGE ( 'NONE', *, *, #439, .T. ) ;
#727 = FACE_OUTER_BOUND ( 'NONE', #785, .T. ) ;
#728 = CARTESIAN_POINT ( 'NONE',  ( 9.999999999999998224, 3.131269812232504497E-15, -9.900000000000000355 ) ) ;
#729 = CARTESIAN_POINT ( 'NONE',  ( 9.866025403784430381, 23.93205080756882808, -9.900000000000000355 ) ) ;
#730 = DIRECTION ( 'NONE',  ( 1.000000000000000000, 0.000000000000000000, 0.000000000000000000 ) ) ;
#731 = EDGE_CURVE ( 'NONE', #1762, #979, #1357, .T. ) ;
#732 = ORIENTED_EDGE ( 'NONE', *, *, #2098, .T. ) ;
#733 = CARTESIAN_POINT ( 'NONE',  ( 9.000000000000007105, -20.29999999999997584, 0.000000000000000000 ) ) ;
#734 = ORIENTED_EDGE ( 'NONE', *, *, #1139, .T. ) ;
#735 = CARTESIAN_POINT ( 'NONE',  ( 17.76240103484557054, -10.25512701892209932, -9.900000000000000355 ) ) ;
#736 = ORIENTED_EDGE ( 'NONE', *, *, #2173, .T. ) ;
#737 = CIRCLE ( 'NONE', #214, 0.9999999999999991118 ) ;
#738 = DIRECTION ( 'NONE',  ( 1.000000000000000000, 0.000000000000000000, 0.000000000000000000 ) ) ;
#739 = VECTOR ( 'NONE', #791, 1000.000000000000000 ) ;
#740 = CARTESIAN_POINT ( 'NONE',  ( 2.749999999999996891, -24.29999999999997584, -9.900000000000000355 ) ) ;
#741 = AXIS2_PLACEMENT_3D ( 'NONE', #925, #1648, #1253 ) ;
#742 = DIRECTION ( 'NONE',  ( 1.000000000000000000, 1.734723475976807094E-16, 0.000000000000000000 ) ) ;
#743 = AXIS2_PLACEMENT_3D ( 'NONE', #866, #1582, #1939 ) ;
#744 = LINE ( 'NONE', #1729, #1463 ) ;
#745 = FACE_OUTER_BOUND ( 'NONE', #116, .T. ) ;
#746 = CARTESIAN_POINT ( 'NONE',  ( -9.000000000000007105, -19.30000000000000071, -36.00000000000000000 ) ) ;
#747 = AXIS2_PLACEMENT_3D ( 'NONE', #624, #44, #415 ) ;
#748 = ORIENTED_EDGE ( 'NONE', *, *, #1543, .T. ) ;
#749 = EDGE_CURVE ( 'NONE', #1886, #1135, #1396, .T. ) ;
#750 = DIRECTION ( 'NONE',  ( -0.000000000000000000, -0.000000000000000000, -1.000000000000000000 ) ) ;
#751 = EDGE_LOOP ( 'NONE', ( #643, #7, #1546, #1964, #459, #283, #289, #2181, #1352, #748, #2014, #1346 ) ) ;
#752 = CARTESIAN_POINT ( 'NONE',  ( -10.00000000000001066, 23.43205080756884584, -12.50000000000000000 ) ) ;
#753 = ORIENTED_EDGE ( 'NONE', *, *, #1008, .T. ) ;
#754 = DIRECTION ( 'NONE',  ( 1.000000000000000000, 1.387778780781444689E-15, 0.000000000000000000 ) ) ;
#755 = EDGE_CURVE ( 'NONE', #783, #1062, #353, .T. ) ;
#756 = CARTESIAN_POINT ( 'NONE',  ( 2.817190924986331250E-14, -20.29999999999998650, -12.50000000000000000 ) ) ;
#757 = CARTESIAN_POINT ( 'NONE',  ( -7.113248654051875342, -27.70000000000000284, -9.900000000000000355 ) ) ;
#758 = CIRCLE ( 'NONE', #832, 1.000000000000000000 ) ;
#759 = CARTESIAN_POINT ( 'NONE',  ( -7.113248654051875342, -26.70000000000000284, -12.50000000000000000 ) ) ;
#760 = LINE ( 'NONE', #610, #1336 ) ;
#761 = VERTEX_POINT ( 'NONE', #865 ) ;
#762 = CARTESIAN_POINT ( 'NONE',  ( -0.9999999999999981126, 9.800000000000002487, 6.000000000000000000 ) ) ;
#763 = ORIENTED_EDGE ( 'NONE', *, *, #2233, .F. ) ;
#764 = CARTESIAN_POINT ( 'NONE',  ( -7.113248654051874453, 26.69999999999999929, -9.900000000000000355 ) ) ;
#765 = DIRECTION ( 'NONE',  ( 0.000000000000000000, 1.000000000000000000, 0.000000000000000000 ) ) ;
#766 = EDGE_CURVE ( 'NONE', #294, #1135, #2290, .T. ) ;
#767 = FACE_OUTER_BOUND ( 'NONE', #567, .T. ) ;
#768 = ORIENTED_EDGE ( 'NONE', *, *, #843, .T. ) ;
#769 = CIRCLE ( 'NONE', #2026, 2.249999999999999112 ) ;
#770 = DIRECTION ( 'NONE',  ( -0.000000000000000000, 0.000000000000000000, 1.000000000000000000 ) ) ;
#771 = DIRECTION ( 'NONE',  ( 1.138269997360109428E-16, 0.000000000000000000, -1.000000000000000000 ) ) ;
#772 = EDGE_LOOP ( 'NONE', ( #299, #2104, #2022, #1932 ) ) ;
#773 = EDGE_LOOP ( 'NONE', ( #1576, #525, #1836 ) ) ;
#774 = CARTESIAN_POINT ( 'NONE',  ( -7.113248654051874453, 27.69999999999999929, -9.900000000000000355 ) ) ;
#775 = CARTESIAN_POINT ( 'NONE',  ( 9.000000000000005329, -19.29999999999997229, -12.50000000000000000 ) ) ;
#776 = CARTESIAN_POINT ( 'NONE',  ( 9.866025403784446368, -23.93205080756882097, -9.899999999999998579 ) ) ;
#777 = ORIENTED_EDGE ( 'NONE', *, *, #494, .T. ) ;
#778 = ADVANCED_FACE ( 'NONE', ( #1407 ), #2114, .T. ) ;
#779 = CIRCLE ( 'NONE', #324, 1.000000000000000000 ) ;
#780 = DIRECTION ( 'NONE',  ( 0.000000000000000000, 0.000000000000000000, 1.000000000000000000 ) ) ;
#781 = EDGE_CURVE ( 'NONE', #1578, #1412, #495, .T. ) ;
#782 = DIRECTION ( 'NONE',  ( 1.000000000000000000, 0.000000000000000000, 0.000000000000000000 ) ) ;
#783 = VERTEX_POINT ( 'NONE', #1771 ) ;
#784 = DIRECTION ( 'NONE',  ( -0.000000000000000000, -0.000000000000000000, 1.000000000000000000 ) ) ;
#785 = EDGE_LOOP ( 'NONE', ( #559, #1812, #602, #223 ) ) ;
#786 = DIRECTION ( 'NONE',  ( -0.000000000000000000, -0.000000000000000000, -1.000000000000000000 ) ) ;
#787 = CARTESIAN_POINT ( 'NONE',  ( -9.000000000000007105, -19.30000000000000071, -36.00000000000000000 ) ) ;
#788 = PRODUCT_DEFINITION_FORMATION_WITH_SPECIFIED_SOURCE ( 'ANY', '', #1402, .NOT_KNOWN. ) ;
#789 = SPHERICAL_SURFACE ( 'NONE', #342, 1.000000000000000000 ) ;
#790 = VERTEX_POINT ( 'NONE', #1383 ) ;
#791 = DIRECTION ( 'NONE',  ( -0.1924500897298724866, 0.9622504486493773657, -0.1924500897298727919 ) ) ;
#792 = DIRECTION ( 'NONE',  ( 0.000000000000000000, 0.000000000000000000, -1.000000000000000000 ) ) ;
#793 = EDGE_CURVE ( 'NONE', #713, #979, #308, .T. ) ;
#794 = VECTOR ( 'NONE', #1622, 1000.000000000000000 ) ;
#795 = ORIENTED_EDGE ( 'NONE', *, *, #1684, .F. ) ;
#796 = ORIENTED_EDGE ( 'NONE', *, *, #1844, .F. ) ;
#797 = EDGE_LOOP ( 'NONE', ( #1763, #1172, #1990, #2244 ) ) ;
#798 = CARTESIAN_POINT ( 'NONE',  ( 9.000000000000005329, -19.29999999999997229, -1.000000000000000000 ) ) ;
#799 = DIRECTION ( 'NONE',  ( 1.000000000000000000, 0.000000000000000000, 0.000000000000000000 ) ) ;
#800 = CARTESIAN_POINT ( 'NONE',  ( 3.428999999999991832, 22.80000000000000426, -32.69000000000000483 ) ) ;
#801 = AXIS2_PLACEMENT_3D ( 'NONE', #1427, #170, #541 ) ;
#802 = ORIENTED_EDGE ( 'NONE', *, *, #1037, .F. ) ;
#803 = DIRECTION ( 'NONE',  ( -1.000000000000000000, -3.469446951953615668E-16, -0.000000000000000000 ) ) ;
#804 = VERTEX_POINT ( 'NONE', #757 ) ;
#805 = ADVANCED_FACE ( 'NONE', ( #1105, #395, #1972 ), #1439, .F. ) ;
#806 = EDGE_LOOP ( 'NONE', ( #613, #1573, #1914, #227 ) ) ;
#807 = PERSON_AND_ORGANIZATION ( #2256, #2 ) ;
#808 = FACE_OUTER_BOUND ( 'NONE', #2249, .T. ) ;
#809 = EDGE_CURVE ( 'NONE', #524, #1795, #645, .T. ) ;
#810 = DIRECTION ( 'NONE',  ( 1.000000000000000000, 0.000000000000000000, 0.000000000000000000 ) ) ;
#811 = ORIENTED_EDGE ( 'NONE', *, *, #1533, .F. ) ;
#812 = AXIS2_PLACEMENT_3D ( 'NONE', #1864, #2208, #1877 ) ;
#813 = CARTESIAN_POINT ( 'NONE',  ( 0.000000000000000000, 0.000000000000000000, -9.900000000000000355 ) ) ;
#814 = AXIS2_PLACEMENT_3D ( 'NONE', #2072, #1732, #132 ) ;
#815 = VERTEX_POINT ( 'NONE', #217 ) ;
#816 = ORIENTED_EDGE ( 'NONE', *, *, #1724, .T. ) ;
#817 = VECTOR ( 'NONE', #1768, 1000.000000000000000 ) ;
#818 = AXIS2_PLACEMENT_3D ( 'NONE', #1479, #792, #234 ) ;
#819 = EDGE_LOOP ( 'NONE', ( #1891, #871, #129, #1687, #368, #96, #851, #1252, #1423, #863, #829, #1159 ) ) ;
#820 = COORDINATED_UNIVERSAL_TIME_OFFSET ( 5, 0, .BEHIND. ) ;
#821 = CARTESIAN_POINT ( 'NONE',  ( 8.999999999999989342, 23.43205080756883163, -37.00000000000000000 ) ) ;
#822 = ADVANCED_FACE ( 'NONE', ( #1649 ), #569, .T. ) ;
#823 = CARTESIAN_POINT ( 'NONE',  ( 8.999999999999998224, 3.076356903210101352E-15, -1.000000000000000888 ) ) ;
#824 = CIRCLE ( 'NONE', #2116, 7.250000000000000000 ) ;
#825 = CARTESIAN_POINT ( 'NONE',  ( -9.000000000000008882, 19.30000000000000071, -36.00000000000000000 ) ) ;
#826 = VERTEX_POINT ( 'NONE', #2175 ) ;
#827 = VERTEX_POINT ( 'NONE', #584 ) ;
#828 = AXIS2_PLACEMENT_3D ( 'NONE', #1466, #926, #50 ) ;
#829 = ORIENTED_EDGE ( 'NONE', *, *, #1310, .T. ) ;
#830 = MECHANICAL_CONTEXT ( 'NONE', #1256, 'mechanical' ) ;
#831 = FACE_OUTER_BOUND ( 'NONE', #2293, .T. ) ;
#832 = AXIS2_PLACEMENT_3D ( 'NONE', #309, #2277, #1241 ) ;
#833 = CYLINDRICAL_SURFACE ( 'NONE', #1867, 1.000000000000000888 ) ;
#834 = ADVANCED_FACE ( 'NONE', ( #2163 ), #1284, .F. ) ;
#835 = ORIENTED_EDGE ( 'NONE', *, *, #719, .F. ) ;
#836 = DIRECTION ( 'NONE',  ( 1.000000000000000000, 0.000000000000000000, 0.000000000000000000 ) ) ;
#837 = CYLINDRICAL_SURFACE ( 'NONE', #219, 0.9999999999999991118 ) ;
#838 = FACE_OUTER_BOUND ( 'NONE', #1983, .T. ) ;
#839 = ORIENTED_EDGE ( 'NONE', *, *, #1037, .T. ) ;
#840 = CARTESIAN_POINT ( 'NONE',  ( -6.696032617270478540E-15, 19.30000000000000426, -37.00000000000000000 ) ) ;
#841 = CARTESIAN_POINT ( 'NONE',  ( -10.00000000000001066, 19.30000000000000071, -37.00000000000000000 ) ) ;
#842 = DIRECTION ( 'NONE',  ( 0.000000000000000000, 0.000000000000000000, 1.000000000000000000 ) ) ;
#843 = EDGE_CURVE ( 'NONE', #14, #950, #1421, .T. ) ;
#844 = DIRECTION ( 'NONE',  ( -6.262539624465007810E-17, 1.000000000000000000, -0.000000000000000000 ) ) ;
#845 = ORIENTED_EDGE ( 'NONE', *, *, #1570, .F. ) ;
#846 = VECTOR ( 'NONE', #619, 1000.000000000000000 ) ;
#847 = APPROVAL_DATE_TIME ( #1540, #1296 ) ;
#848 = DIRECTION ( 'NONE',  ( 1.000000000000000000, 0.000000000000000000, 0.000000000000000000 ) ) ;
#849 = CARTESIAN_POINT ( 'NONE',  ( -10.00000000000000711, -20.30000000000000071, -36.00000000000000000 ) ) ;
#850 = APPLICATION_CONTEXT ( 'configuration controlled 3d designs of mechanical parts and assemblies' ) ;
#851 = ORIENTED_EDGE ( 'NONE', *, *, #766, .T. ) ;
#852 = CIRCLE ( 'NONE', #264, 2.249999999999998668 ) ;
#853 = DIRECTION ( 'NONE',  ( 0.000000000000000000, 0.000000000000000000, 1.000000000000000000 ) ) ;
#854 = CARTESIAN_POINT ( 'NONE',  ( 9.999999999999992895, 19.30000000000000782, -12.50000000000000000 ) ) ;
#855 = EDGE_CURVE ( 'NONE', #2079, #126, #718, .T. ) ;
#856 = DATE_AND_TIME ( #1942, #1164 ) ;
#857 = VERTEX_POINT ( 'NONE', #900 ) ;
#858 = CARTESIAN_POINT ( 'NONE',  ( -9.000000000000008882, 20.30000000000000071, 0.000000000000000000 ) ) ;
#859 = AXIS2_PLACEMENT_3D ( 'NONE', #380, #21, #192 ) ;
#860 = VERTEX_POINT ( 'NONE', #1618 ) ;
#861 = AXIS2_PLACEMENT_3D ( 'NONE', #637, #95, #1680 ) ;
#862 = DIRECTION ( 'NONE',  ( 6.262539624465007810E-17, -1.000000000000000000, 0.000000000000000000 ) ) ;
#863 = ORIENTED_EDGE ( 'NONE', *, *, #809, .T. ) ;
#864 = LINE ( 'NONE', #509, #1961 ) ;
#865 = CARTESIAN_POINT ( 'NONE',  ( -10.00000000000000711, -23.43205080756886360, -12.50000000000000000 ) ) ;
#866 = CARTESIAN_POINT ( 'NONE',  ( 2.192117770473762465E-15, 9.800000000000002487, 0.000000000000000000 ) ) ;
#867 = ORIENTED_EDGE ( 'NONE', *, *, #703, .T. ) ;
#868 = CIRCLE ( 'NONE', #1988, 1.000000000000000888 ) ;
#869 = EDGE_CURVE ( 'NONE', #109, #347, #744, .T. ) ;
#870 = DIRECTION ( 'NONE',  ( 1.000000000000000000, 0.000000000000000000, 0.000000000000000000 ) ) ;
#871 = ORIENTED_EDGE ( 'NONE', *, *, #636, .T. ) ;
#872 = DIRECTION ( 'NONE',  ( 0.000000000000000000, 0.000000000000000000, 1.000000000000000000 ) ) ;
#873 = ADVANCED_FACE ( 'NONE', ( #2018, #664 ), #138, .T. ) ;
#874 = VERTEX_POINT ( 'NONE', #1137 ) ;
#875 = CARTESIAN_POINT ( 'NONE',  ( 2.817190924986331250E-14, -20.29999999999998650, -9.900000000000000355 ) ) ;
#876 = FACE_OUTER_BOUND ( 'NONE', #68, .T. ) ;
#877 = DIRECTION ( 'NONE',  ( -1.138269997360109428E-16, 0.000000000000000000, 1.000000000000000000 ) ) ;
#878 = ORIENTED_EDGE ( 'NONE', *, *, #1640, .T. ) ;
#879 = AXIS2_PLACEMENT_3D ( 'NONE', #1587, #2295, #2120 ) ;
#880 = DIRECTION ( 'NONE',  ( 0.000000000000000000, -0.000000000000000000, -1.000000000000000000 ) ) ;
#881 = DIRECTION ( 'NONE',  ( -0.000000000000000000, 0.000000000000000000, 1.000000000000000000 ) ) ;
#882 = VERTEX_POINT ( 'NONE', #999 ) ;
#883 = CARTESIAN_POINT ( 'NONE',  ( -7.690598923241498852, 27.69999999999999929, -12.50000000000000000 ) ) ;
#884 = CIRCLE ( 'NONE', #2232, 1.000000000000000000 ) ;
#885 = EDGE_CURVE ( 'NONE', #761, #303, #120, .T. ) ;
#886 = VERTEX_POINT ( 'NONE', #1492 ) ;
#887 = FACE_OUTER_BOUND ( 'NONE', #632, .T. ) ;
#888 = DIRECTION ( 'NONE',  ( -1.138269997360109428E-16, 0.000000000000000000, -1.000000000000000000 ) ) ;
#889 = APPROVAL_PERSON_ORGANIZATION ( #807, #1296, #1017 ) ;
#890 = CALENDAR_DATE ( 2025, 12, 9 ) ;
#891 = VERTEX_POINT ( 'NONE', #436 ) ;
#892 = CARTESIAN_POINT ( 'NONE',  ( -2.928999999999998938, 22.80000000000000426, -32.18999999999999773 ) ) ;
#893 = EDGE_LOOP ( 'NONE', ( #1512, #2139, #26, #2002 ) ) ;
#894 = DIRECTION ( 'NONE',  ( 0.4999999999999971689, 0.8660254037844402619, 0.000000000000000000 ) ) ;
#895 = ORIENTED_EDGE ( 'NONE', *, *, #1938, .F. ) ;
#896 = FACE_OUTER_BOUND ( 'NONE', #1500, .T. ) ;
#897 = AXIS2_PLACEMENT_3D ( 'NONE', #2061, #1690, #1300 ) ;
#898 = CARTESIAN_POINT ( 'NONE',  ( -7.113248654051874453, 27.69999999999999929, -12.50000000000000000 ) ) ;
#899 = EDGE_CURVE ( 'NONE', #783, #536, #53, .T. ) ;
#900 = CARTESIAN_POINT ( 'NONE',  ( -7.979274057836311940, -27.20000000000000995, -9.900000000000000355 ) ) ;
#901 = DIRECTION ( 'NONE',  ( 1.000000000000000000, 1.734723475976807094E-16, 0.000000000000000000 ) ) ;
#902 = DIRECTION ( 'NONE',  ( -0.000000000000000000, -0.000000000000000000, -1.000000000000000000 ) ) ;
#903 = ORIENTED_EDGE ( 'NONE', *, *, #1760, .F. ) ;
#904 = EDGE_LOOP ( 'NONE', ( #1801, #2093, #400 ) ) ;
#905 = VECTOR ( 'NONE', #159, 1000.000000000000000 ) ;
#906 = DIRECTION ( 'NONE',  ( 1.000000000000000000, 0.000000000000000000, 0.000000000000000000 ) ) ;
#907 = LINE ( 'NONE', #1799, #2109 ) ;
#908 = CARTESIAN_POINT ( 'NONE',  ( -2.749999999999999112, 24.30000000000000071, -9.900000000000000355 ) ) ;
#909 = ORIENTED_EDGE ( 'NONE', *, *, #719, .T. ) ;
#910 = ADVANCED_FACE ( 'NONE', ( #1689 ), #1288, .T. ) ;
#911 = DIRECTION ( 'NONE',  ( 1.000000000000000000, 0.000000000000000000, 0.000000000000000000 ) ) ;
#912 = CARTESIAN_POINT ( 'NONE',  ( 8.999999999999991118, 19.30000000000000782, -36.00000000000000000 ) ) ;
#913 = DIRECTION ( 'NONE',  ( 0.000000000000000000, 0.000000000000000000, 1.000000000000000000 ) ) ;
#914 = DIRECTION ( 'NONE',  ( -1.000000000000000000, 0.000000000000000000, 0.000000000000000000 ) ) ;
#915 = ADVANCED_FACE ( 'NONE', ( #369 ), #399, .T. ) ;
#916 = EDGE_LOOP ( 'NONE', ( #734, #1861, #1000, #1700 ) ) ;
#917 = CYLINDRICAL_SURFACE ( 'NONE', #2087, 1.000000000000000888 ) ;
#918 = ORIENTED_EDGE ( 'NONE', *, *, #2138, .F. ) ;
#919 = CARTESIAN_POINT ( 'NONE',  ( -17.76240103484559185, -10.25512701892215439, -9.900000000000000355 ) ) ;
#920 = AXIS2_PLACEMENT_3D ( 'NONE', #648, #285, #1354 ) ;
#921 = CARTESIAN_POINT ( 'NONE',  ( 9.000000000000007105, -23.43205080756882452, -12.50000000000000000 ) ) ;
#922 = CARTESIAN_POINT ( 'NONE',  ( -7.249999999999996447, 24.30000000000000071, -12.50000000000000000 ) ) ;
#923 = ORIENTED_EDGE ( 'NONE', *, *, #533, .T. ) ;
#924 = CIRCLE ( 'NONE', #1003, 0.9999999999999991118 ) ;
#925 = CARTESIAN_POINT ( 'NONE',  ( 0.000000000000000000, 0.000000000000000000, 6.000000000000000000 ) ) ;
#926 = DIRECTION ( 'NONE',  ( 0.000000000000000000, 1.000000000000000000, -0.000000000000000000 ) ) ;
#927 = CARTESIAN_POINT ( 'NONE',  ( 2.817190924986331250E-14, -20.29999999999998650, -9.900000000000000355 ) ) ;
#928 = DIRECTION ( 'NONE',  ( 1.000000000000000000, 0.000000000000000000, 0.000000000000000000 ) ) ;
#929 = CIRCLE ( 'NONE', #2198, 0.9999999999999991118 ) ;
#930 = ORIENTED_EDGE ( 'NONE', *, *, #1984, .F. ) ;
#931 = EDGE_CURVE ( 'NONE', #1765, #1840, #2140, .T. ) ;
#932 = CARTESIAN_POINT ( 'NONE',  ( -7.113248654051874453, 26.69999999999999929, -12.50000000000000000 ) ) ;
#933 = ORIENTED_EDGE ( 'NONE', *, *, #72, .T. ) ;
#934 = CARTESIAN_POINT ( 'NONE',  ( -4.999999999999997335, 24.30000000000000071, -9.900000000000000355 ) ) ;
#935 = DIRECTION ( 'NONE',  ( 1.000000000000000000, 0.000000000000000000, 0.000000000000000000 ) ) ;
#936 = PLANE ( 'NONE',  #1658 ) ;
#937 = ORIENTED_EDGE ( 'NONE', *, *, #1532, .T. ) ;
#938 = VECTOR ( 'NONE', #566, 1000.000000000000000 ) ;
#939 = AXIS2_PLACEMENT_3D ( 'NONE', #883, #1021, #144 ) ;
#940 = CARTESIAN_POINT ( 'NONE',  ( 7.979274057836299505, -27.19999999999999929, -12.50000000000000000 ) ) ;
#941 = DIRECTION ( 'NONE',  ( 0.000000000000000000, 0.000000000000000000, -1.000000000000000000 ) ) ;
#942 = ORIENTED_EDGE ( 'NONE', *, *, #188, .T. ) ;
#943 = EDGE_LOOP ( 'NONE', ( #988, #2117, #1788, #1953 ) ) ;
#944 = FACE_OUTER_BOUND ( 'NONE', #483, .T. ) ;
#945 = EDGE_CURVE ( 'NONE', #698, #63, #11, .T. ) ;
#946 = DIRECTION ( 'NONE',  ( 0.000000000000000000, -0.000000000000000000, -1.000000000000000000 ) ) ;
#947 = CC_DESIGN_PERSON_AND_ORGANIZATION_ASSIGNMENT ( #110, #657, ( #975 ) ) ;
#948 = EDGE_CURVE ( 'NONE', #2225, #2079, #1097, .T. ) ;
#949 = DIRECTION ( 'NONE',  ( -0.000000000000000000, 0.000000000000000000, 1.000000000000000000 ) ) ;
#950 = VERTEX_POINT ( 'NONE', #42 ) ;
#951 = ADVANCED_FACE ( 'NONE', ( #1109 ), #1422, .T. ) ;
#952 = CARTESIAN_POINT ( 'NONE',  ( -4.999999999999997335, -24.30000000000000071, -12.50000000000000000 ) ) ;
#953 = DIRECTION ( 'NONE',  ( 1.000000000000000000, 1.734723475976807094E-16, 0.000000000000000000 ) ) ;
#954 = VERTEX_POINT ( 'NONE', #573 ) ;
#955 = ORIENTED_EDGE ( 'NONE', *, *, #1635, .F. ) ;
#956 = LINE ( 'NONE', #82, #1311 ) ;
#957 = DIRECTION ( 'NONE',  ( 1.000000000000000000, 0.000000000000000000, 0.000000000000000000 ) ) ;
#958 = VECTOR ( 'NONE', #416, 1000.000000000000000 ) ;
#959 = CARTESIAN_POINT ( 'NONE',  ( -9.000000000000010658, 19.30000000000000071, -1.000000000000000000 ) ) ;
#960 = AXIS2_PLACEMENT_3D ( 'NONE', #759, #1837, #1827 ) ;
#961 = EDGE_CURVE ( 'NONE', #696, #1287, #1952, .T. ) ;
#962 = ORIENTED_EDGE ( 'NONE', *, *, #1359, .T. ) ;
#963 = DIRECTION ( 'NONE',  ( 0.000000000000000000, -0.000000000000000000, -1.000000000000000000 ) ) ;
#964 = ORIENTED_EDGE ( 'NONE', *, *, #1389, .F. ) ;
#965 = ORIENTED_EDGE ( 'NONE', *, *, #1235, .F. ) ;
#966 = DIRECTION ( 'NONE',  ( 1.000000000000000000, 0.000000000000000000, 0.000000000000000000 ) ) ;
#967 = VERTEX_POINT ( 'NONE', #1274 ) ;
#968 = FACE_OUTER_BOUND ( 'NONE', #991, .T. ) ;
#969 = DIRECTION ( 'NONE',  ( 3.131269812232504891E-16, -1.000000000000000000, 0.000000000000000000 ) ) ;
#970 = CARTESIAN_POINT ( 'NONE',  ( 8.999999999999991118, 19.30000000000000782, 0.000000000000000000 ) ) ;
#971 = EDGE_CURVE ( 'NONE', #1563, #2119, #1820, .T. ) ;
#972 = CARTESIAN_POINT ( 'NONE',  ( 4.999999999999997335, -24.29999999999997584, -12.50000000000000000 ) ) ;
#973 = VECTOR ( 'NONE', #1997, 1000.000000000000000 ) ;
#974 = CARTESIAN_POINT ( 'NONE',  ( -4.999999999999997335, -24.30000000000000071, -9.900000000000000355 ) ) ;
#975 = PRODUCT_DEFINITION ( 'UNKNOWN', '', #788, #2300 ) ;
#976 = VECTOR ( 'NONE', #1165, 1000.000000000000000 ) ;
#977 = FACE_OUTER_BOUND ( 'NONE', #164, .T. ) ;
#978 = ADVANCED_FACE ( 'NONE', ( #1470 ), #1594, .T. ) ;
#979 = VERTEX_POINT ( 'NONE', #413 ) ;
#980 = ORIENTED_EDGE ( 'NONE', *, *, #1267, .T. ) ;
#981 = CARTESIAN_POINT ( 'NONE',  ( -2.999999999999998224, 9.800000000000002487, 6.000000000000000000 ) ) ;
#982 = LINE ( 'NONE', #1514, #2001 ) ;
#983 = DIRECTION ( 'NONE',  ( 0.8660254037844402619, -0.4999999999999971689, 0.000000000000000000 ) ) ;
#984 = AXIS2_PLACEMENT_3D ( 'NONE', #10, #1220, #877 ) ;
#985 = ORIENTED_EDGE ( 'NONE', *, *, #1214, .T. ) ;
#986 = DIRECTION ( 'NONE',  ( 0.000000000000000000, 0.000000000000000000, -1.000000000000000000 ) ) ;
#987 = VERTEX_POINT ( 'NONE', #225 ) ;
#988 = ORIENTED_EDGE ( 'NONE', *, *, #292, .F. ) ;
#989 = EDGE_CURVE ( 'NONE', #371, #1227, #1758, .T. ) ;
#990 = ORIENTED_EDGE ( 'NONE', *, *, #279, .T. ) ;
#991 = EDGE_LOOP ( 'NONE', ( #687, #1611, #644, #1069, #534, #1741, #172, #1053, #1818, #1596, #1125, #588 ) ) ;
#992 = DIRECTION ( 'NONE',  ( -0.4999999999999992784, 0.000000000000000000, -0.8660254037844390407 ) ) ;
#993 = ADVANCED_FACE ( 'NONE', ( #2129 ), #27, .T. ) ;
#994 = DIRECTION ( 'NONE',  ( 0.000000000000000000, 1.000000000000000000, 0.000000000000000000 ) ) ;
#995 = ORIENTED_EDGE ( 'NONE', *, *, #237, .F. ) ;
#996 = CIRCLE ( 'NONE', #1257, 1.000000000000000888 ) ;
#997 = DIRECTION ( 'NONE',  ( 1.000000000000000000, 0.000000000000000000, 0.000000000000000000 ) ) ;
#998 = ORIENTED_EDGE ( 'NONE', *, *, #1464, .F. ) ;
#999 = CARTESIAN_POINT ( 'NONE',  ( -10.00000000000001066, 23.43205080756884584, -9.900000000000000355 ) ) ;
#1000 = ORIENTED_EDGE ( 'NONE', *, *, #1640, .F. ) ;
#1001 = VECTOR ( 'NONE', #1093, 1000.000000000000114 ) ;
#1002 = EDGE_LOOP ( 'NONE', ( #501, #2262, #505, #538 ) ) ;
#1003 = AXIS2_PLACEMENT_3D ( 'NONE', #599, #963, #782 ) ;
#1004 = ORIENTED_EDGE ( 'NONE', *, *, #1575, .T. ) ;
#1005 = DIRECTION ( 'NONE',  ( 0.000000000000000000, 0.000000000000000000, 1.000000000000000000 ) ) ;
#1006 = EDGE_LOOP ( 'NONE', ( #1486, #512 ) ) ;
#1007 = DIRECTION ( 'NONE',  ( 3.418174336900113874E-16, -1.000000000000000000, 0.000000000000000000 ) ) ;
#1008 = EDGE_CURVE ( 'NONE', #979, #373, #13, .T. ) ;
#1009 = FACE_OUTER_BOUND ( 'NONE', #502, .T. ) ;
#1010 = AXIS2_PLACEMENT_3D ( 'NONE', #1494, #1321, #1905 ) ;
#1011 = CC_DESIGN_SECURITY_CLASSIFICATION ( #1529, ( #788 ) ) ;
#1012 = DIRECTION ( 'NONE',  ( 0.000000000000000000, 0.000000000000000000, 1.000000000000000000 ) ) ;
#1013 = DIRECTION ( 'NONE',  ( -0.4999999999999971689, -0.8660254037844402619, 0.000000000000000000 ) ) ;
#1014 = ORIENTED_EDGE ( 'NONE', *, *, #1543, .F. ) ;
#1015 = AXIS2_PLACEMENT_3D ( 'NONE', #522, #1936, #888 ) ;
#1016 = ORIENTED_EDGE ( 'NONE', *, *, #2123, .F. ) ;
#1017 = APPROVAL_ROLE ( '' ) ;
#1018 = FACE_OUTER_BOUND ( 'NONE', #1002, .T. ) ;
#1019 = EDGE_CURVE ( 'NONE', #1805, #488, #1051, .T. ) ;
#1020 = ORIENTED_EDGE ( 'NONE', *, *, #2273, .F. ) ;
#1021 = DIRECTION ( 'NONE',  ( -0.8660254037844395958, 0.4999999999999985012, 0.000000000000000000 ) ) ;
#1022 = ADVANCED_FACE ( 'NONE', ( #1457 ), #917, .T. ) ;
#1023 = ORIENTED_EDGE ( 'NONE', *, *, #161, .F. ) ;
#1024 = CARTESIAN_POINT ( 'NONE',  ( 10.00000000000000355, -19.29999999999997229, -12.50000000000000000 ) ) ;
#1025 = VECTOR ( 'NONE', #1727, 1000.000000000000000 ) ;
#1026 = DIRECTION ( 'NONE',  ( -0.000000000000000000, -0.000000000000000000, -1.000000000000000000 ) ) ;
#1027 = ORIENTED_EDGE ( 'NONE', *, *, #961, .F. ) ;
#1028 = CALENDAR_DATE ( 2025, 12, 9 ) ;
#1029 = CARTESIAN_POINT ( 'NONE',  ( -0.9999999999999981126, 9.800000000000002487, 6.000000000000000000 ) ) ;
#1030 = VERTEX_POINT ( 'NONE', #2071 ) ;
#1031 = DIRECTION ( 'NONE',  ( 1.000000000000000000, 3.469446951953614682E-16, 0.000000000000000000 ) ) ;
#1032 = EDGE_LOOP ( 'NONE', ( #3, #2197, #287, #177 ) ) ;
#1033 = EDGE_CURVE ( 'NONE', #1135, #882, #2209, .T. ) ;
#1034 = AXIS2_PLACEMENT_3D ( 'NONE', #1148, #102, #799 ) ;
#1035 = CARTESIAN_POINT ( 'NONE',  ( 8.999999999999991118, 19.30000000000000782, -36.00000000000000000 ) ) ;
#1036 = CARTESIAN_POINT ( 'NONE',  ( -9.000000000000007105, -19.30000000000000071, 0.000000000000000000 ) ) ;
#1037 = EDGE_CURVE ( 'NONE', #152, #1735, #1659, .T. ) ;
#1038 = VECTOR ( 'NONE', #2211, 1000.000000000000000 ) ;
#1039 = CIRCLE ( 'NONE', #1115, 1.000000000000000888 ) ;
#1040 = ORIENTED_EDGE ( 'NONE', *, *, #1817, .T. ) ;
#1041 = DIRECTION ( 'NONE',  ( 1.000000000000000000, 0.000000000000000000, 0.000000000000000000 ) ) ;
#1042 = CARTESIAN_POINT ( 'NONE',  ( 8.999999999999991118, 20.30000000000000782, -9.900000000000000355 ) ) ;
#1043 = VERTEX_POINT ( 'NONE', #201 ) ;
#1044 = AXIS2_PLACEMENT_3D ( 'NONE', #972, #445, #870 ) ;
#1045 = CC_DESIGN_APPROVAL ( #1429, ( #788 ) ) ;
#1046 = EDGE_CURVE ( 'NONE', #1287, #1289, #405, .T. ) ;
#1047 = DIRECTION ( 'NONE',  ( 1.000000000000000000, 0.000000000000000000, 0.000000000000000000 ) ) ;
#1048 = CARTESIAN_POINT ( 'NONE',  ( -10.00000000000000711, -19.30000000000000071, -36.00000000000000000 ) ) ;
#1049 = ADVANCED_FACE ( 'NONE', ( #388 ), #189, .T. ) ;
#1050 = ORIENTED_EDGE ( 'NONE', *, *, #2199, .T. ) ;
#1051 = CIRCLE ( 'NONE', #1535, 2.249999999999999112 ) ;
#1052 = CYLINDRICAL_SURFACE ( 'NONE', #1565, 0.9999999999999991118 ) ;
#1053 = ORIENTED_EDGE ( 'NONE', *, *, #1319, .T. ) ;
#1054 = AXIS2_PLACEMENT_3D ( 'NONE', #959, #1695, #430 ) ;
#1055 = DIRECTION ( 'NONE',  ( -0.000000000000000000, 0.000000000000000000, 1.000000000000000000 ) ) ;
#1056 = EDGE_LOOP ( 'NONE', ( #1521, #1584, #811, #1059 ) ) ;
#1057 = CARTESIAN_POINT ( 'NONE',  ( -10.00000000000000888, -6.262539624465013727E-16, -12.50000000000000000 ) ) ;
#1058 = DIRECTION ( 'NONE',  ( -1.000000000000000000, 0.000000000000000000, 0.000000000000000000 ) ) ;
#1059 = ORIENTED_EDGE ( 'NONE', *, *, #1191, .F. ) ;
#1060 = CIRCLE ( 'NONE', #801, 0.9999999999999991118 ) ;
#1061 = ADVANCED_FACE ( 'NONE', ( #767, #1282 ), #2185, .T. ) ;
#1062 = VERTEX_POINT ( 'NONE', #908 ) ;
#1063 = CARTESIAN_POINT ( 'NONE',  ( 9.999999999999987566, 23.69999999999995310, -12.50000000000000000 ) ) ;
#1064 = ORIENTED_EDGE ( 'NONE', *, *, #2203, .F. ) ;
#1065 = DIRECTION ( 'NONE',  ( 1.000000000000000000, 0.000000000000000000, 0.000000000000000000 ) ) ;
#1066 = CARTESIAN_POINT ( 'NONE',  ( -4.999999999999997335, 24.30000000000000071, -12.50000000000000000 ) ) ;
#1067 = DIRECTION ( 'NONE',  ( -0.000000000000000000, 0.000000000000000000, 1.000000000000000000 ) ) ;
#1068 = AXIS2_PLACEMENT_3D ( 'NONE', #2144, #31, #564 ) ;
#1069 = ORIENTED_EDGE ( 'NONE', *, *, #945, .T. ) ;
#1070 = CIRCLE ( 'NONE', #253, 0.9999999999999991118 ) ;
#1071 = DIRECTION ( 'NONE',  ( 1.000000000000000000, 0.000000000000000000, 0.000000000000000000 ) ) ;
#1072 = ORIENTED_EDGE ( 'NONE', *, *, #1715, .F. ) ;
#1073 = CARTESIAN_POINT ( 'NONE',  ( -9.000000000000007105, -5.636285662018511960E-16, -1.000000000000000000 ) ) ;
#1074 = EDGE_CURVE ( 'NONE', #1707, #860, #2174, .T. ) ;
#1075 = CARTESIAN_POINT ( 'NONE',  ( -2.928999999999999382, 22.80000000000000426, -35.49999999999999289 ) ) ;
#1076 = AXIS2_PLACEMENT_3D ( 'NONE', #707, #1208, #1417 ) ;
#1077 = LINE ( 'NONE', #231, #466 ) ;
#1078 = VERTEX_POINT ( 'NONE', #212 ) ;
#1079 = CARTESIAN_POINT ( 'NONE',  ( 9.000000000000005329, -19.29999999999997229, -36.00000000000000000 ) ) ;
#1080 = CARTESIAN_POINT ( 'NONE',  ( -2.749999999999998668, -24.30000000000000071, -9.900000000000000355 ) ) ;
#1081 = CIRCLE ( 'NONE', #1010, 1.000000000000000000 ) ;
#1082 = APPROVAL_ROLE ( '' ) ;
#1083 = ORIENTED_EDGE ( 'NONE', *, *, #25, .T. ) ;
#1084 = DIRECTION ( 'NONE',  ( 1.000000000000000000, 1.387778780781444887E-15, 0.000000000000000000 ) ) ;
#1085 = ORIENTED_EDGE ( 'NONE', *, *, #392, .F. ) ;
#1086 = CARTESIAN_POINT ( 'NONE',  ( -9.000000000000008882, 19.30000000000000071, -12.50000000000000000 ) ) ;
#1087 = EDGE_LOOP ( 'NONE', ( #1420, #545 ) ) ;
#1088 = DIRECTION ( 'NONE',  ( 1.387778780781444689E-15, -1.000000000000000000, 0.000000000000000000 ) ) ;
#1089 = VECTOR ( 'NONE', #1835, 1000.000000000000000 ) ;
#1090 = CARTESIAN_POINT ( 'NONE',  ( 8.999999999999991118, 20.30000000000000782, 0.000000000000000000 ) ) ;
#1091 = ADVANCED_FACE ( 'NONE', ( #376 ), #2196, .T. ) ;
#1092 = EDGE_CURVE ( 'NONE', #536, #1751, #2161, .T. ) ;
#1093 = DIRECTION ( 'NONE',  ( 0.4999999999999984457, 0.8660254037844394848, 0.000000000000000000 ) ) ;
#1094 = DIRECTION ( 'NONE',  ( 1.000000000000000000, -0.000000000000000000, 0.000000000000000000 ) ) ;
#1095 = CARTESIAN_POINT ( 'NONE',  ( -9.000000000000007105, -19.30000000000000071, -37.00000000000000000 ) ) ;
#1096 = VERTEX_POINT ( 'NONE', #2009 ) ;
#1097 = LINE ( 'NONE', #733, #794 ) ;
#1098 = ORIENTED_EDGE ( 'NONE', *, *, #1951, .T. ) ;
#1099 = AXIS2_PLACEMENT_3D ( 'NONE', #1079, #1581, #1245 ) ;
#1100 = DIRECTION ( 'NONE',  ( 1.000000000000000000, 0.000000000000000000, 0.000000000000000000 ) ) ;
#1101 = DIRECTION ( 'NONE',  ( 1.000000000000000000, 0.000000000000000000, 0.000000000000000000 ) ) ;
#1102 = DIRECTION ( 'NONE',  ( -0.000000000000000000, 0.000000000000000000, 1.000000000000000000 ) ) ;
#1103 = VERTEX_POINT ( 'NONE', #33 ) ;
#1104 = ADVANCED_FACE ( 'NONE', ( #1792 ), #73, .F. ) ;
#1105 = FACE_OUTER_BOUND ( 'NONE', #576, .T. ) ;
#1106 = DIRECTION ( 'NONE',  ( 1.000000000000000000, 0.000000000000000000, 0.000000000000000000 ) ) ;
#1107 = CARTESIAN_POINT ( 'NONE',  ( 9.999999999999992895, 19.30000000000000782, -9.900000000000000355 ) ) ;
#1108 = EDGE_LOOP ( 'NONE', ( #1023, #452, #795, #998 ) ) ;
#1109 = FACE_OUTER_BOUND ( 'NONE', #1056, .T. ) ;
#1110 = EDGE_LOOP ( 'NONE', ( #1142, #2179, #1129, #1186 ) ) ;
#1111 = CARTESIAN_POINT ( 'NONE',  ( -3.429000000000006931, 20.30000000000000426, -36.00000000000000000 ) ) ;
#1112 = CARTESIAN_POINT ( 'NONE',  ( 9.866025403784428605, 23.93205080756882808, -12.50000000000000000 ) ) ;
#1113 = AXIS2_PLACEMENT_3D ( 'NONE', #539, #241, #1626 ) ;
#1114 = CARTESIAN_POINT ( 'NONE',  ( -10.00000000000000711, -19.30000000000000071, -1.000000000000000000 ) ) ;
#1115 = AXIS2_PLACEMENT_3D ( 'NONE', #1395, #1567, #1770 ) ;
#1116 = LINE ( 'NONE', #756, #1975 ) ;
#1117 = AXIS2_PLACEMENT_3D ( 'NONE', #710, #2125, #571 ) ;
#1118 = DIRECTION ( 'NONE',  ( 0.000000000000000000, 0.000000000000000000, -1.000000000000000000 ) ) ;
#1119 = CARTESIAN_POINT ( 'NONE',  ( 2.678413046908186998E-14, -19.29999999999998650, -36.00000000000000000 ) ) ;
#1120 = EDGE_CURVE ( 'NONE', #1412, #891, #529, .T. ) ;
#1121 = VECTOR ( 'NONE', #1136, 1000.000000000000000 ) ;
#1122 = ORIENTED_EDGE ( 'NONE', *, *, #1074, .T. ) ;
#1123 = APPROVAL_PERSON_ORGANIZATION ( #1784, #1745, #1082 ) ;
#1124 = EDGE_CURVE ( 'NONE', #1765, #1452, #1694, .T. ) ;
#1125 = ORIENTED_EDGE ( 'NONE', *, *, #472, .T. ) ;
#1126 = DIRECTION ( 'NONE',  ( 1.000000000000000000, 0.000000000000000000, 0.000000000000000000 ) ) ;
#1127 = CARTESIAN_POINT ( 'NONE',  ( 2.192117770473762465E-15, 9.800000000000002487, 6.000000000000000000 ) ) ;
#1128 = DIRECTION ( 'NONE',  ( 0.000000000000000000, 0.000000000000000000, 1.000000000000000000 ) ) ;
#1129 = ORIENTED_EDGE ( 'NONE', *, *, #472, .F. ) ;
#1130 = AXIS2_PLACEMENT_3D ( 'NONE', #1824, #1475, #1628 ) ;
#1131 = VECTOR ( 'NONE', #1733, 1000.000000000000000 ) ;
#1132 = DIRECTION ( 'NONE',  ( -0.000000000000000000, -0.000000000000000000, -1.000000000000000000 ) ) ;
#1133 = FACE_OUTER_BOUND ( 'NONE', #2286, .T. ) ;
#1134 = EDGE_LOOP ( 'NONE', ( #2283, #1200, #433, #354 ) ) ;
#1135 = VERTEX_POINT ( 'NONE', #419 ) ;
#1136 = DIRECTION ( 'NONE',  ( 0.000000000000000000, 0.000000000000000000, 1.000000000000000000 ) ) ;
#1137 = CARTESIAN_POINT ( 'NONE',  ( -9.000000000000005329, -20.30000000000000071, -9.900000000000000355 ) ) ;
#1138 = CARTESIAN_POINT ( 'NONE',  ( 7.113248654051858466, -26.70000000000000284, -9.900000000000000355 ) ) ;
#1139 = EDGE_CURVE ( 'NONE', #1103, #815, #90, .T. ) ;
#1140 = FACE_OUTER_BOUND ( 'NONE', #12, .T. ) ;
#1141 = EDGE_CURVE ( 'NONE', #1503, #356, #378, .T. ) ;
#1142 = ORIENTED_EDGE ( 'NONE', *, *, #1776, .T. ) ;
#1143 = LINE ( 'NONE', #1857, #143 ) ;
#1144 = FACE_OUTER_BOUND ( 'NONE', #1916, .T. ) ;
#1145 = CARTESIAN_POINT ( 'NONE',  ( -4.999999999999997335, 24.30000000000000071, -12.50000000000000000 ) ) ;
#1146 = ORIENTED_EDGE ( 'NONE', *, *, #441, .F. ) ;
#1147 = FACE_OUTER_BOUND ( 'NONE', #424, .T. ) ;
#1148 = CARTESIAN_POINT ( 'NONE',  ( 2.192117770473762465E-15, 9.800000000000002487, 6.000000000000000000 ) ) ;
#1149 = EDGE_CURVE ( 'NONE', #2254, #1275, #1116, .T. ) ;
#1150 = VECTOR ( 'NONE', #992, 1000.000000000000114 ) ;
#1151 = CARTESIAN_POINT ( 'NONE',  ( 0.000000000000000000, 0.000000000000000000, -9.900000000000000355 ) ) ;
#1152 = AXIS2_PLACEMENT_3D ( 'NONE', #1650, #1478, #51 ) ;
#1153 = CC_DESIGN_PERSON_AND_ORGANIZATION_ASSIGNMENT ( #1211, #1915, ( #788 ) ) ;
#1154 = CLOSED_SHELL ( 'NONE', ( #1856, #336, #1360, #268, #565, #1998, #1888, #469, #1605, #2229, #1966, #1259, #1061, #166, #1104, #2261, #1515, #834, #1941, #1487, #1656, #2186, #805, #1872, #1280, #304, #596, #993, #873, #307, #59, #221, #1502, #1188, #2084, #112, #1375, #135, #9, #1747, #2041, #1802, #822, #1842, #951, #1698, #1049, #174, #1392, #1203, #1603, #1403, #224, #910, #1920, #1652, #207, #2051, #375, #978, #1022, #263, #915, #1933, #1232, #1373, #125, #357, #1444, #1091, #1790, #1298, #2044, #778, #651, #1586 ) ) ;
#1155 = DIRECTION ( 'NONE',  ( 0.000000000000000000, 0.000000000000000000, 1.000000000000000000 ) ) ;
#1156 = CIRCLE ( 'NONE', #1579, 1.000000000000000888 ) ;
#1157 = DIRECTION ( 'NONE',  ( 1.000000000000000000, 0.000000000000000000, 0.000000000000000000 ) ) ;
#1158 = ORIENTED_EDGE ( 'NONE', *, *, #2160, .F. ) ;
#1159 = ORIENTED_EDGE ( 'NONE', *, *, #1530, .T. ) ;
#1160 = AXIS2_PLACEMENT_3D ( 'NONE', #1303, #2006, #2194 ) ;
#1161 = ORIENTED_EDGE ( 'NONE', *, *, #2247, .F. ) ;
#1162 = CARTESIAN_POINT ( 'NONE',  ( -9.000000000000008882, 20.30000000000000071, -0.9999999999999991118 ) ) ;
#1163 = CYLINDRICAL_SURFACE ( 'NONE', #812, 0.9999999999999991118 ) ;
#1164 = LOCAL_TIME ( 14, 40, 15.00000000000000000, #335 ) ;
#1165 = DIRECTION ( 'NONE',  ( -0.000000000000000000, -0.000000000000000000, -1.000000000000000000 ) ) ;
#1166 = EDGE_CURVE ( 'NONE', #2038, #437, #579, .T. ) ;
#1167 = AXIS2_PLACEMENT_3D ( 'NONE', #912, #1094, #1803 ) ;
#1168 = DIRECTION ( 'NONE',  ( 1.000000000000000000, 1.734723475976805319E-15, -0.000000000000000000 ) ) ;
#1169 = VECTOR ( 'NONE', #1325, 1000.000000000000000 ) ;
#1170 = DIRECTION ( 'NONE',  ( -1.000000000000000000, 0.000000000000000000, 0.000000000000000000 ) ) ;
#1171 = ORIENTED_EDGE ( 'NONE', *, *, #2301, .T. ) ;
#1172 = ORIENTED_EDGE ( 'NONE', *, *, #439, .F. ) ;
#1173 = COORDINATED_UNIVERSAL_TIME_OFFSET ( 5, 0, .BEHIND. ) ;
#1174 = DIRECTION ( 'NONE',  ( 0.000000000000000000, 0.000000000000000000, 1.000000000000000000 ) ) ;
#1175 = DIRECTION ( 'NONE',  ( -3.418174336900113874E-16, 1.000000000000000000, -0.000000000000000000 ) ) ;
#1176 = AXIS2_PLACEMENT_3D ( 'NONE', #1913, #1949, #2100 ) ;
#1177 = ORIENTED_EDGE ( 'NONE', *, *, #1617, .T. ) ;
#1178 = LINE ( 'NONE', #2055, #1394 ) ;
#1179 = EDGE_CURVE ( 'NONE', #1911, #1805, #1077, .T. ) ;
#1180 = CARTESIAN_POINT ( 'NONE',  ( -7.979274057836313716, -27.20000000000000284, -12.50000000000000000 ) ) ;
#1181 = ORIENTED_EDGE ( 'NONE', *, *, #330, .T. ) ;
#1182 = VERTEX_POINT ( 'NONE', #898 ) ;
#1183 = DIRECTION ( 'NONE',  ( -0.000000000000000000, 0.000000000000000000, 1.000000000000000000 ) ) ;
#1184 = DIRECTION ( 'NONE',  ( -6.262539624465007810E-17, 1.000000000000000000, -0.000000000000000000 ) ) ;
#1185 = CARTESIAN_POINT ( 'NONE',  ( 8.999999999999991118, 20.30000000000000782, -0.9999999999999991118 ) ) ;
#1186 = ORIENTED_EDGE ( 'NONE', *, *, #2157, .T. ) ;
#1187 = VECTOR ( 'NONE', #694, 1000.000000000000000 ) ;
#1188 = ADVANCED_FACE ( 'NONE', ( #1616 ), #936, .T. ) ;
#1189 =( NAMED_UNIT ( * ) SI_UNIT ( $, .STERADIAN. ) SOLID_ANGLE_UNIT ( ) );
#1190 = SPHERICAL_SURFACE ( 'NONE', #1677, 1.000000000000000000 ) ;
#1191 = EDGE_CURVE ( 'NONE', #437, #1302, #467, .T. ) ;
#1192 = EDGE_LOOP ( 'NONE', ( #2036, #2005, #561, #1236 ) ) ;
#1193 = CARTESIAN_POINT ( 'NONE',  ( 9.999999999999998224, 3.131269812232504497E-15, -12.50000000000000000 ) ) ;
#1194 = LOCAL_TIME ( 14, 40, 15.00000000000000000, #820 ) ;
#1195 = EDGE_CURVE ( 'NONE', #1503, #248, #2210, .T. ) ;
#1196 = DIRECTION ( 'NONE',  ( 1.734723475976805517E-15, -1.000000000000000000, 0.000000000000000000 ) ) ;
#1197 = CARTESIAN_POINT ( 'NONE',  ( 2.192117770473762465E-15, 9.800000000000002487, 2.000000000000000000 ) ) ;
#1198 = EDGE_LOOP ( 'NONE', ( #955, #1171, #80, #1064 ) ) ;
#1199 = AXIS2_PLACEMENT_3D ( 'NONE', #1145, #257, #966 ) ;
#1200 = ORIENTED_EDGE ( 'NONE', *, *, #1092, .T. ) ;
#1201 = PERSON_AND_ORGANIZATION ( #2256, #2 ) ;
#1202 = DIRECTION ( 'NONE',  ( 1.000000000000000000, 0.000000000000000000, 0.000000000000000000 ) ) ;
#1203 = ADVANCED_FACE ( 'NONE', ( #1140 ), #833, .T. ) ;
#1204 = CARTESIAN_POINT ( 'NONE',  ( -7.113248654051875342, -26.70000000000000284, -9.900000000000000355 ) ) ;
#1205 = VERTEX_POINT ( 'NONE', #1890 ) ;
#1206 = DIRECTION ( 'NONE',  ( 1.000000000000000000, 0.000000000000000000, 0.000000000000000000 ) ) ;
#1207 = AXIS2_PLACEMENT_3D ( 'NONE', #278, #986, #470 ) ;
#1208 = DIRECTION ( 'NONE',  ( 0.000000000000000000, -0.000000000000000000, -1.000000000000000000 ) ) ;
#1209 = LINE ( 'NONE', #2303, #391 ) ;
#1210 = ORIENTED_EDGE ( 'NONE', *, *, #61, .T. ) ;
#1211 = PERSON_AND_ORGANIZATION ( #2256, #2 ) ;
#1212 = CYLINDRICAL_SURFACE ( 'NONE', #1443, 0.9999999999999991118 ) ;
#1213 = CARTESIAN_POINT ( 'NONE',  ( -9.000000000000007105, -19.30000000000000071, -36.00000000000000000 ) ) ;
#1214 = EDGE_CURVE ( 'NONE', #67, #1355, #1349, .T. ) ;
#1215 = EDGE_LOOP ( 'NONE', ( #2272, #2097, #726, #1181 ) ) ;
#1216 = CC_DESIGN_PERSON_AND_ORGANIZATION_ASSIGNMENT ( #1739, #677, ( #788 ) ) ;
#1217 = EDGE_CURVE ( 'NONE', #528, #979, #2257, .T. ) ;
#1218 = AXIS2_PLACEMENT_3D ( 'NONE', #787, #478, #454 ) ;
#1219 = CARTESIAN_POINT ( 'NONE',  ( 7.113248654051858466, -26.70000000000000284, -12.50000000000000000 ) ) ;
#1220 = DIRECTION ( 'NONE',  ( 0.9805806756909207778, 0.1961161351381811857, 1.116165563130078796E-16 ) ) ;
#1221 = VECTOR ( 'NONE', #1285, 1000.000000000000114 ) ;
#1222 = DIRECTION ( 'NONE',  ( 3.469446951953615668E-16, -1.000000000000000000, 0.000000000000000000 ) ) ;
#1223 = VECTOR ( 'NONE', #1934, 1000.000000000000000 ) ;
#1224 = VERTEX_POINT ( 'NONE', #2246 ) ;
#1225 = CIRCLE ( 'NONE', #1117, 6.672649730810368496 ) ;
#1226 = CARTESIAN_POINT ( 'NONE',  ( 9.999999999999991118, 23.43205080756883163, -9.900000000000000355 ) ) ;
#1227 = VERTEX_POINT ( 'NONE', #252 ) ;
#1228 = FACE_OUTER_BOUND ( 'NONE', #328, .T. ) ;
#1229 = ORIENTED_EDGE ( 'NONE', *, *, #203, .F. ) ;
#1230 = CIRCLE ( 'NONE', #1896, 1.000000000000000000 ) ;
#1231 = LINE ( 'NONE', #1935, #1223 ) ;
#1232 = ADVANCED_FACE ( 'NONE', ( #1009 ), #789, .T. ) ;
#1233 = CARTESIAN_POINT ( 'NONE',  ( -17.76240103484558475, 10.25512701892214196, -9.900000000000000355 ) ) ;
#1234 = CARTESIAN_POINT ( 'NONE',  ( 4.999999999999997335, -24.29999999999997584, -9.900000000000000355 ) ) ;
#1235 = EDGE_CURVE ( 'NONE', #248, #2106, #530, .T. ) ;
#1236 = ORIENTED_EDGE ( 'NONE', *, *, #147, .F. ) ;
#1237 = VECTOR ( 'NONE', #1084, 1000.000000000000000 ) ;
#1238 = CYLINDRICAL_SURFACE ( 'NONE', #1721, 1.000000000000000888 ) ;
#1239 = ORIENTED_EDGE ( 'NONE', *, *, #1750, .T. ) ;
#1240 = AXIS2_PLACEMENT_3D ( 'NONE', #517, #1055, #489 ) ;
#1241 = DIRECTION ( 'NONE',  ( 0.000000000000000000, 0.000000000000000000, -1.000000000000000000 ) ) ;
#1242 = EDGE_LOOP ( 'NONE', ( #1846, #2110, #1432, #306 ) ) ;
#1243 = DIRECTION ( 'NONE',  ( -1.000000000000000000, 0.000000000000000000, 0.000000000000000000 ) ) ;
#1244 = CARTESIAN_POINT ( 'NONE',  ( -9.000000000000005329, -20.30000000000000071, -37.00000000000000000 ) ) ;
#1245 = DIRECTION ( 'NONE',  ( 0.000000000000000000, 0.000000000000000000, -1.000000000000000000 ) ) ;
#1246 = EDGE_CURVE ( 'NONE', #860, #63, #1717, .T. ) ;
#1247 = EDGE_LOOP ( 'NONE', ( #1447, #1904, #106, #473 ) ) ;
#1248 = DIRECTION ( 'NONE',  ( -1.000000000000000000, 0.000000000000000000, 0.000000000000000000 ) ) ;
#1249 = ORIENTED_EDGE ( 'NONE', *, *, #2015, .F. ) ;
#1250 = CARTESIAN_POINT ( 'NONE',  ( -9.000000000000007105, 19.30000000000000071, 0.000000000000000000 ) ) ;
#1251 = SPHERICAL_SURFACE ( 'NONE', #1483, 1.000000000000000000 ) ;
#1252 = ORIENTED_EDGE ( 'NONE', *, *, #1033, .T. ) ;
#1253 = DIRECTION ( 'NONE',  ( 1.000000000000000000, 0.000000000000000000, 0.000000000000000000 ) ) ;
#1254 = DIRECTION ( 'NONE',  ( 0.000000000000000000, -0.000000000000000000, -1.000000000000000000 ) ) ;
#1255 = DIRECTION ( 'NONE',  ( -0.000000000000000000, 0.000000000000000000, 1.000000000000000000 ) ) ;
#1256 = APPLICATION_CONTEXT ( 'configuration controlled 3d designs of mechanical parts and assemblies' ) ;
#1257 = AXIS2_PLACEMENT_3D ( 'NONE', #6, #549, #2133 ) ;
#1258 = ORIENTED_EDGE ( 'NONE', *, *, #1635, .T. ) ;
#1259 = ADVANCED_FACE ( 'NONE', ( #2021 ), #1879, .T. ) ;
#1260 = AXIS2_PLACEMENT_3D ( 'NONE', #1095, #1671, #1106 ) ;
#1261 = DIRECTION ( 'NONE',  ( -0.000000000000000000, -0.000000000000000000, -1.000000000000000000 ) ) ;
#1262 = VERTEX_POINT ( 'NONE', #1706 ) ;
#1263 = CC_DESIGN_PERSON_AND_ORGANIZATION_ASSIGNMENT ( #1201, #464, ( #1402 ) ) ;
#1264 = CARTESIAN_POINT ( 'NONE',  ( 9.000000000000007105, -20.29999999999997584, -1.000000000000000000 ) ) ;
#1265 = ORIENTED_EDGE ( 'NONE', *, *, #885, .T. ) ;
#1266 = CYLINDRICAL_SURFACE ( 'NONE', #176, 3.000000000000000444 ) ;
#1267 = EDGE_CURVE ( 'NONE', #1919, #497, #103, .T. ) ;
#1268 = AXIS2_PLACEMENT_3D ( 'NONE', #1197, #2302, #1590 ) ;
#1269 = CARTESIAN_POINT ( 'NONE',  ( 2.678413046908186998E-14, -19.29999999999998650, -1.000000000000000000 ) ) ;
#1270 = DIRECTION ( 'NONE',  ( 1.000000000000000000, 0.000000000000000000, 0.000000000000000000 ) ) ;
#1271 = DIRECTION ( 'NONE',  ( 0.000000000000000000, 1.000000000000000000, -0.000000000000000000 ) ) ;
#1272 = AXIS2_PLACEMENT_3D ( 'NONE', #798, #1482, #2219 ) ;
#1273 = ORIENTED_EDGE ( 'NONE', *, *, #2297, .F. ) ;
#1274 = CARTESIAN_POINT ( 'NONE',  ( 3.000000000000002665, 9.800000000000002487, 6.000000000000000000 ) ) ;
#1275 = VERTEX_POINT ( 'NONE', #84 ) ;
#1276 = FACE_OUTER_BOUND ( 'NONE', #244, .T. ) ;
#1277 = VERTEX_POINT ( 'NONE', #1496 ) ;
#1278 = DIRECTION ( 'NONE',  ( -1.000000000000000000, -3.469446951953614682E-16, -0.000000000000000000 ) ) ;
#1279 = AXIS2_PLACEMENT_3D ( 'NONE', #1269, #1800, #1970 ) ;
#1280 = ADVANCED_FACE ( 'NONE', ( #2031, #1344, #1507 ), #442, .T. ) ;
#1281 = VECTOR ( 'NONE', #627, 1000.000000000000000 ) ;
#1282 = FACE_BOUND ( 'NONE', #325, .T. ) ;
#1283 = EDGE_LOOP ( 'NONE', ( #930, #291, #2074, #1408 ) ) ;
#1284 = CYLINDRICAL_SURFACE ( 'NONE', #859, 2.249999999999999112 ) ;
#1285 = DIRECTION ( 'NONE',  ( -0.1924500897298725699, 0.9622504486493772546, 0.1924500897298727919 ) ) ;
#1286 = DIRECTION ( 'NONE',  ( -0.4999999999999983347, 0.8660254037844395958, -0.000000000000000000 ) ) ;
#1287 = VERTEX_POINT ( 'NONE', #261 ) ;
#1288 = CYLINDRICAL_SURFACE ( 'NONE', #1569, 1.000000000000000888 ) ;
#1289 = VERTEX_POINT ( 'NONE', #970 ) ;
#1290 = AXIS2_PLACEMENT_3D ( 'NONE', #974, #673, #1206 ) ;
#1291 = DIRECTION ( 'NONE',  ( 1.000000000000000000, 0.000000000000000000, 0.000000000000000000 ) ) ;
#1292 = ORIENTED_EDGE ( 'NONE', *, *, #899, .T. ) ;
#1293 = DIRECTION ( 'NONE',  ( -0.000000000000000000, -0.000000000000000000, -1.000000000000000000 ) ) ;
#1294 = DIRECTION ( 'NONE',  ( 1.000000000000000000, 0.000000000000000000, 0.000000000000000000 ) ) ;
#1295 = EDGE_CURVE ( 'NONE', #2119, #104, #2050, .T. ) ;
#1296 = APPROVAL ( #1713, 'UNSPECIFIED' ) ;
#1297 = CARTESIAN_POINT ( 'NONE',  ( 4.999999999999997335, -24.29999999999997584, -12.50000000000000000 ) ) ;
#1298 = ADVANCED_FACE ( 'NONE', ( #1335 ), #286, .T. ) ;
#1299 = CARTESIAN_POINT ( 'NONE',  ( -7.113248654051874453, 27.69999999999999929, -9.900000000000000355 ) ) ;
#1300 = DIRECTION ( 'NONE',  ( 1.000000000000000000, 0.000000000000000000, 0.000000000000000000 ) ) ;
#1301 = CARTESIAN_POINT ( 'NONE',  ( -9.000000000000008882, 19.30000000000000071, -36.00000000000000000 ) ) ;
#1302 = VERTEX_POINT ( 'NONE', #115 ) ;
#1303 = CARTESIAN_POINT ( 'NONE',  ( 4.999999999999978684, 24.30000000000000426, -12.50000000000000000 ) ) ;
#1304 = VECTOR ( 'NONE', #153, 1000.000000000000000 ) ;
#1305 = CARTESIAN_POINT ( 'NONE',  ( 7.113248654051858466, -27.70000000000000284, -12.50000000000000000 ) ) ;
#1306 = DIRECTION ( 'NONE',  ( 1.000000000000000000, 0.000000000000000000, 0.000000000000000000 ) ) ;
#1307 = CIRCLE ( 'NONE', #633, 2.250000000000000444 ) ;
#1308 = DIRECTION ( 'NONE',  ( 3.469446951953611033E-15, -1.000000000000000000, 0.000000000000000000 ) ) ;
#1309 = DIRECTION ( 'NONE',  ( 1.000000000000000000, 0.000000000000000000, 8.673617379884043361E-16 ) ) ;
#1310 = EDGE_CURVE ( 'NONE', #1795, #1386, #650, .T. ) ;
#1311 = VECTOR ( 'NONE', #786, 1000.000000000000000 ) ;
#1312 = ORIENTED_EDGE ( 'NONE', *, *, #931, .F. ) ;
#1313 = CARTESIAN_POINT ( 'NONE',  ( 9.000000000000007105, -20.29999999999997584, -9.900000000000000355 ) ) ;
#1314 = CARTESIAN_POINT ( 'NONE',  ( 9.000000000000005329, -19.29999999999997229, -9.900000000000000355 ) ) ;
#1315 = VECTOR ( 'NONE', #62, 1000.000000000000000 ) ;
#1316 = LINE ( 'NONE', #1633, #256 ) ;
#1317 = CYLINDRICAL_SURFACE ( 'NONE', #1924, 0.9999999999999991118 ) ;
#1318 = EDGE_LOOP ( 'NONE', ( #386, #839, #1016, #1839 ) ) ;
#1319 = EDGE_CURVE ( 'NONE', #2206, #1886, #55, .T. ) ;
#1320 = ORIENTED_EDGE ( 'NONE', *, *, #1124, .T. ) ;
#1321 = DIRECTION ( 'NONE',  ( 0.000000000000000000, -0.000000000000000000, -1.000000000000000000 ) ) ;
#1322 = ORIENTED_EDGE ( 'NONE', *, *, #1660, .F. ) ;
#1323 = DIRECTION ( 'NONE',  ( 0.000000000000000000, 0.000000000000000000, -1.000000000000000000 ) ) ;
#1324 = AXIS2_PLACEMENT_3D ( 'NONE', #2165, #220, #928 ) ;
#1325 = DIRECTION ( 'NONE',  ( -0.000000000000000000, -0.000000000000000000, -1.000000000000000000 ) ) ;
#1326 = ORIENTED_EDGE ( 'NONE', *, *, #2111, .T. ) ;
#1327 = CYLINDRICAL_SURFACE ( 'NONE', #630, 2.249999999999999112 ) ;
#1328 = FACE_OUTER_BOUND ( 'NONE', #2278, .T. ) ;
#1329 = EDGE_LOOP ( 'NONE', ( #656, #690, #341, #1442, #962, #1873, #942, #1265, #1593, #1177, #1822, #736 ) ) ;
#1330 = ORIENTED_EDGE ( 'NONE', *, *, #1345, .T. ) ;
#1331 = ORIENTED_EDGE ( 'NONE', *, *, #1760, .T. ) ;
#1332 = DIRECTION ( 'NONE',  ( -0.000000000000000000, 0.000000000000000000, 1.000000000000000000 ) ) ;
#1333 = FACE_OUTER_BOUND ( 'NONE', #1247, .T. ) ;
#1334 = EDGE_CURVE ( 'NONE', #1751, #1062, #1537, .T. ) ;
#1335 = FACE_OUTER_BOUND ( 'NONE', #1215, .T. ) ;
#1336 = VECTOR ( 'NONE', #1286, 1000.000000000000000 ) ;
#1337 = PLANE ( 'NONE',  #432 ) ;
#1338 = CYLINDRICAL_SURFACE ( 'NONE', #518, 0.9999999999999991118 ) ;
#1339 = EDGE_LOOP ( 'NONE', ( #1621, #1767 ) ) ;
#1340 = VECTOR ( 'NONE', #249, 1000.000000000000000 ) ;
#1341 = VERTEX_POINT ( 'NONE', #2076 ) ;
#1342 = DIRECTION ( 'NONE',  ( 1.000000000000000000, 3.469446951953614682E-16, 0.000000000000000000 ) ) ;
#1343 = DIRECTION ( 'NONE',  ( -1.000000000000000000, -1.387778780781444689E-15, -0.000000000000000000 ) ) ;
#1344 = FACE_BOUND ( 'NONE', #1874, .T. ) ;
#1345 = EDGE_CURVE ( 'NONE', #580, #713, #683, .T. ) ;
#1346 = ORIENTED_EDGE ( 'NONE', *, *, #346, .T. ) ;
#1347 = VECTOR ( 'NONE', #712, 1000.000000000000000 ) ;
#1348 = CARTESIAN_POINT ( 'NONE',  ( -9.000000000000005329, -20.30000000000000071, -36.00000000000000000 ) ) ;
#1349 = CIRCLE ( 'NONE', #1834, 7.250000000000000000 ) ;
#1350 = ORIENTED_EDGE ( 'NONE', *, *, #2188, .F. ) ;
#1351 = ORIENTED_EDGE ( 'NONE', *, *, #2108, .F. ) ;
#1352 = ORIENTED_EDGE ( 'NONE', *, *, #251, .F. ) ;
#1353 = LINE ( 'NONE', #476, #1453 ) ;
#1354 = DIRECTION ( 'NONE',  ( 1.000000000000000000, 0.000000000000000000, 0.000000000000000000 ) ) ;
#1355 = VERTEX_POINT ( 'NONE', #2085 ) ;
#1356 = DIRECTION ( 'NONE',  ( 0.000000000000000000, 0.000000000000000000, -1.000000000000000000 ) ) ;
#1357 = CIRCLE ( 'NONE', #1099, 1.000000000000000888 ) ;
#1358 = ORIENTED_EDGE ( 'NONE', *, *, #504, .F. ) ;
#1359 = EDGE_CURVE ( 'NONE', #1103, #665, #1742, .T. ) ;
#1360 = ADVANCED_FACE ( 'NONE', ( #693 ), #1918, .T. ) ;
#1361 = FACE_OUTER_BOUND ( 'NONE', #30, .T. ) ;
#1362 = EDGE_CURVE ( 'NONE', #16, #1289, #758, .T. ) ;
#1363 = ORIENTED_EDGE ( 'NONE', *, *, #793, .T. ) ;
#1364 = LINE ( 'NONE', #840, #150 ) ;
#1365 = CYLINDRICAL_SURFACE ( 'NONE', #814, 1.000000000000000888 ) ;
#1366 = ORIENTED_EDGE ( 'NONE', *, *, #809, .F. ) ;
#1367 = LINE ( 'NONE', #133, #1551 ) ;
#1368 = AXIS2_PLACEMENT_3D ( 'NONE', #1667, #2040, #1678 ) ;
#1369 = VECTOR ( 'NONE', #1118, 1000.000000000000000 ) ;
#1370 = FACE_OUTER_BOUND ( 'NONE', #717, .T. ) ;
#1371 = DIRECTION ( 'NONE',  ( 0.000000000000000000, 0.000000000000000000, 1.000000000000000000 ) ) ;
#1372 = EDGE_LOOP ( 'NONE', ( #185, #835, #463, #2200 ) ) ;
#1373 = ADVANCED_FACE ( 'NONE', ( #1228 ), #701, .T. ) ;
#1374 = LINE ( 'NONE', #858, #1304 ) ;
#1375 = ADVANCED_FACE ( 'NONE', ( #327 ), #1599, .T. ) ;
#1376 = EDGE_LOOP ( 'NONE', ( #2070, #74, #2193, #1623 ) ) ;
#1377 = DIRECTION ( 'NONE',  ( -0.000000000000000000, -0.000000000000000000, -1.000000000000000000 ) ) ;
#1378 = CIRCLE ( 'NONE', #1490, 2.249999999999998668 ) ;
#1379 = DIRECTION ( 'NONE',  ( -0.000000000000000000, -0.000000000000000000, 1.000000000000000000 ) ) ;
#1380 = ORIENTED_EDGE ( 'NONE', *, *, #885, .F. ) ;
#1381 = LINE ( 'NONE', #2046, #1025 ) ;
#1382 = LINE ( 'NONE', #1244, #179 ) ;
#1383 = CARTESIAN_POINT ( 'NONE',  ( 7.113248654051858466, -27.70000000000000284, -9.900000000000000355 ) ) ;
#1384 = ORIENTED_EDGE ( 'NONE', *, *, #948, .T. ) ;
#1385 = AXIS2_PLACEMENT_3D ( 'NONE', #1811, #606, #1646 ) ;
#1386 = VERTEX_POINT ( 'NONE', #1042 ) ;
#1387 = AXIS2_PLACEMENT_3D ( 'NONE', #37, #1454, #1270 ) ;
#1388 = LINE ( 'NONE', #2092, #628 ) ;
#1389 = EDGE_CURVE ( 'NONE', #857, #804, #1977, .T. ) ;
#1390 = ORIENTED_EDGE ( 'NONE', *, *, #703, .F. ) ;
#1391 = CARTESIAN_POINT ( 'NONE',  ( -9.000000000000008882, 23.43205080756884584, -12.50000000000000000 ) ) ;
#1392 = ADVANCED_FACE ( 'NONE', ( #506 ), #1413, .T. ) ;
#1393 = EDGE_LOOP ( 'NONE', ( #965, #623, #2130, #2162 ) ) ;
#1394 = VECTOR ( 'NONE', #1379, 1000.000000000000000 ) ;
#1395 = CARTESIAN_POINT ( 'NONE',  ( 9.000000000000005329, -19.29999999999997229, -36.00000000000000000 ) ) ;
#1396 = LINE ( 'NONE', #181, #1701 ) ;
#1397 = DIRECTION ( 'NONE',  ( -0.000000000000000000, 0.000000000000000000, 1.000000000000000000 ) ) ;
#1398 = VERTEX_POINT ( 'NONE', #2107 ) ;
#1399 = DIRECTION ( 'NONE',  ( 1.000000000000000000, 0.000000000000000000, 0.000000000000000000 ) ) ;
#1400 = EDGE_CURVE ( 'NONE', #528, #1643, #1930, .T. ) ;
#1401 = LINE ( 'NONE', #358, #1825 ) ;
#1402 = PRODUCT ( 'VS-2', 'VS-2', '', ( #830 ) ) ;
#1403 = ADVANCED_FACE ( 'NONE', ( #1766 ), #165, .T. ) ;
#1404 = ORIENTED_EDGE ( 'NONE', *, *, #1214, .F. ) ;
#1405 = CIRCLE ( 'NONE', #406, 5.806624327025929233 ) ;
#1406 = FACE_OUTER_BOUND ( 'NONE', #431, .T. ) ;
#1407 = FACE_OUTER_BOUND ( 'NONE', #1720, .T. ) ;
#1408 = ORIENTED_EDGE ( 'NONE', *, *, #1019, .T. ) ;
#1409 = AXIS2_PLACEMENT_3D ( 'NONE', #2291, #1397, #1571 ) ;
#1410 = ORIENTED_EDGE ( 'NONE', *, *, #612, .T. ) ;
#1411 = DIRECTION ( 'NONE',  ( -0.000000000000000000, 0.1961161351381814077, -0.9805806756909206667 ) ) ;
#1412 = VERTEX_POINT ( 'NONE', #659 ) ;
#1413 = SPHERICAL_SURFACE ( 'NONE', #1240, 1.000000000000000000 ) ;
#1414 = VECTOR ( 'NONE', #526, 1000.000000000000000 ) ;
#1415 = DIRECTION ( 'NONE',  ( 6.262539624465007810E-17, -1.000000000000000000, 0.000000000000000000 ) ) ;
#1416 = EDGE_CURVE ( 'NONE', #1900, #303, #1367, .T. ) ;
#1417 = DIRECTION ( 'NONE',  ( 1.000000000000000000, 0.000000000000000000, 0.000000000000000000 ) ) ;
#1418 = DIRECTION ( 'NONE',  ( 3.418174336900113874E-16, -1.000000000000000000, 0.000000000000000000 ) ) ;
#1419 = EDGE_CURVE ( 'NONE', #315, #1355, #2266, .T. ) ;
#1420 = ORIENTED_EDGE ( 'NONE', *, *, #100, .T. ) ;
#1421 = CIRCLE ( 'NONE', #1167, 1.000000000000000888 ) ;
#1422 = CYLINDRICAL_SURFACE ( 'NONE', #123, 1.000000000000000888 ) ;
#1423 = ORIENTED_EDGE ( 'NONE', *, *, #2054, .T. ) ;
#1424 = LINE ( 'NONE', #2105, #117 ) ;
#1425 = CARTESIAN_POINT ( 'NONE',  ( -9.000000000000007105, -19.30000000000000071, -9.899999999999998579 ) ) ;
#1426 = ORIENTED_EDGE ( 'NONE', *, *, #1661, .F. ) ;
#1427 = CARTESIAN_POINT ( 'NONE',  ( 8.999999999999989342, 23.43205080756883163, -9.899999999999998579 ) ) ;
#1428 = CIRCLE ( 'NONE', #503, 2.250000000000000444 ) ;
#1429 = APPROVAL ( #492, 'UNSPECIFIED' ) ;
#1430 = EDGE_CURVE ( 'NONE', #987, #547, #1779, .T. ) ;
#1431 = ORIENTED_EDGE ( 'NONE', *, *, #1166, .T. ) ;
#1432 = ORIENTED_EDGE ( 'NONE', *, *, #582, .T. ) ;
#1433 = DIRECTION ( 'NONE',  ( -0.000000000000000000, -0.000000000000000000, 1.000000000000000000 ) ) ;
#1434 = ORIENTED_EDGE ( 'NONE', *, *, #1267, .F. ) ;
#1435 = CARTESIAN_POINT ( 'NONE',  ( -9.000000000000005329, -20.30000000000000071, -9.900000000000000355 ) ) ;
#1436 = CYLINDRICAL_SURFACE ( 'NONE', #2304, 1.000000000000000222 ) ;
#1437 = CARTESIAN_POINT ( 'NONE',  ( 2.192117770473762465E-15, 9.800000000000002487, 6.000000000000000000 ) ) ;
#1438 = VERTEX_POINT ( 'NONE', #1305 ) ;
#1439 = PLANE ( 'NONE',  #1865 ) ;
#1440 = LINE ( 'NONE', #2150, #36 ) ;
#1441 = AXIS2_PLACEMENT_3D ( 'NONE', #1495, #1183, #957 ) ;
#1442 = ORIENTED_EDGE ( 'NONE', *, *, #1715, .T. ) ;
#1443 = AXIS2_PLACEMENT_3D ( 'NONE', #1561, #1740, #1960 ) ;
#1444 = ADVANCED_FACE ( 'NONE', ( #1789 ), #1251, .T. ) ;
#1445 = CARTESIAN_POINT ( 'NONE',  ( 2.678413046908186998E-14, -19.29999999999998650, 0.000000000000000000 ) ) ;
#1446 = VECTOR ( 'NONE', #2260, 1000.000000000000000 ) ;
#1447 = ORIENTED_EDGE ( 'NONE', *, *, #989, .F. ) ;
#1448 = CARTESIAN_POINT ( 'NONE',  ( 7.113248654051858466, -26.70000000000000284, -12.50000000000000000 ) ) ;
#1449 = DIRECTION ( 'NONE',  ( 0.000000000000000000, -0.000000000000000000, -1.000000000000000000 ) ) ;
#1450 = EDGE_CURVE ( 'NONE', #1341, #891, #2190, .T. ) ;
#1451 = DIRECTION ( 'NONE',  ( -0.000000000000000000, 0.000000000000000000, 1.000000000000000000 ) ) ;
#1452 = VERTEX_POINT ( 'NONE', #17 ) ;
#1453 = VECTOR ( 'NONE', #1897, 1000.000000000000000 ) ;
#1454 = DIRECTION ( 'NONE',  ( 0.000000000000000000, -0.000000000000000000, -1.000000000000000000 ) ) ;
#1455 = LINE ( 'NONE', #233, #739 ) ;
#1456 = CYLINDRICAL_SURFACE ( 'NONE', #1324, 2.250000000000000444 ) ;
#1457 = FACE_OUTER_BOUND ( 'NONE', #1372, .T. ) ;
#1458 = ORIENTED_EDGE ( 'NONE', *, *, #1141, .F. ) ;
#1459 = PLANE ( 'NONE',  #2045 ) ;
#1460 = EDGE_CURVE ( 'NONE', #1452, #1765, #1957, .T. ) ;
#1461 = CARTESIAN_POINT ( 'NONE',  ( 7.250000000000002665, 9.800000000000004263, 0.000000000000000000 ) ) ;
#1462 = FACE_OUTER_BOUND ( 'NONE', #1552, .T. ) ;
#1463 = VECTOR ( 'NONE', #1737, 1000.000000000000000 ) ;
#1464 = EDGE_CURVE ( 'NONE', #1438, #790, #907, .T. ) ;
#1465 = DIRECTION ( 'NONE',  ( 1.000000000000000000, 1.387778780781444689E-15, 0.000000000000000000 ) ) ;
#1466 = CARTESIAN_POINT ( 'NONE',  ( -9.000000000000007105, -19.30000000000000071, -1.000000000000000000 ) ) ;
#1467 = CYLINDRICAL_SURFACE ( 'NONE', #1260, 0.9999999999999991118 ) ;
#1468 = DIRECTION ( 'NONE',  ( 1.000000000000000000, 0.000000000000000000, 0.000000000000000000 ) ) ;
#1469 = ORIENTED_EDGE ( 'NONE', *, *, #443, .T. ) ;
#1470 = FACE_OUTER_BOUND ( 'NONE', #904, .T. ) ;
#1471 = ORIENTED_EDGE ( 'NONE', *, *, #330, .F. ) ;
#1472 = AXIS2_PLACEMENT_3D ( 'NONE', #2124, #1067, #1748 ) ;
#1473 = DIRECTION ( 'NONE',  ( 1.000000000000000000, 0.000000000000000000, 0.000000000000000000 ) ) ;
#1474 = CARTESIAN_POINT ( 'NONE',  ( 9.999999999999998224, 3.131269812232504497E-15, -9.900000000000000355 ) ) ;
#1475 = DIRECTION ( 'NONE',  ( 0.000000000000000000, 0.000000000000000000, -1.000000000000000000 ) ) ;
#1476 = ORIENTED_EDGE ( 'NONE', *, *, #1464, .T. ) ;
#1477 = EDGE_CURVE ( 'NONE', #886, #265, #46, .T. ) ;
#1478 = DIRECTION ( 'NONE',  ( -1.000000000000000000, -3.418174336900113874E-16, 0.000000000000000000 ) ) ;
#1479 = CARTESIAN_POINT ( 'NONE',  ( 2.192117770473762465E-15, 9.800000000000002487, 2.000000000000000000 ) ) ;
#1480 = ORIENTED_EDGE ( 'NONE', *, *, #317, .F. ) ;
#1481 = ORIENTED_EDGE ( 'NONE', *, *, #961, .T. ) ;
#1482 = DIRECTION ( 'NONE',  ( 1.000000000000000000, 1.734723475976805319E-15, -0.000000000000000000 ) ) ;
#1483 = AXIS2_PLACEMENT_3D ( 'NONE', #199, #765, #1981 ) ;
#1484 = DIRECTION ( 'NONE',  ( 1.000000000000000000, -1.040834085586085203E-14, 0.000000000000000000 ) ) ;
#1485 = DIRECTION ( 'NONE',  ( 1.734723475976807094E-16, -1.000000000000000000, 0.000000000000000000 ) ) ;
#1486 = ORIENTED_EDGE ( 'NONE', *, *, #1734, .T. ) ;
#1487 = ADVANCED_FACE ( 'NONE', ( #896 ), #1614, .T. ) ;
#1488 = CARTESIAN_POINT ( 'NONE',  ( -9.866025403784444592, -23.93205080756887071, -9.900000000000000355 ) ) ;
#1489 = CARTESIAN_POINT ( 'NONE',  ( 3.428999999999993165, 20.30000000000000426, -36.00000000000000000 ) ) ;
#1490 = AXIS2_PLACEMENT_3D ( 'NONE', #1774, #881, #29 ) ;
#1491 = ORIENTED_EDGE ( 'NONE', *, *, #749, .F. ) ;
#1492 = CARTESIAN_POINT ( 'NONE',  ( 10.00000000000000355, -19.29999999999997229, -9.900000000000000355 ) ) ;
#1493 = ORIENTED_EDGE ( 'NONE', *, *, #533, .F. ) ;
#1494 = CARTESIAN_POINT ( 'NONE',  ( -7.113248654051874453, 26.69999999999999929, -12.50000000000000000 ) ) ;
#1495 = CARTESIAN_POINT ( 'NONE',  ( 2.192117770473762465E-15, 9.800000000000002487, 2.000000000000000000 ) ) ;
#1496 = CARTESIAN_POINT ( 'NONE',  ( -7.249999999999996447, -24.30000000000000071, -12.50000000000000000 ) ) ;
#1497 = VECTOR ( 'NONE', #243, 1000.000000000000000 ) ;
#1498 = LINE ( 'NONE', #2011, #1369 ) ;
#1499 = DIRECTION ( 'NONE',  ( 0.000000000000000000, -0.000000000000000000, -1.000000000000000000 ) ) ;
#1500 = EDGE_LOOP ( 'NONE', ( #1330, #590, #2191, #2253 ) ) ;
#1501 = ORIENTED_EDGE ( 'NONE', *, *, #1724, .F. ) ;
#1502 = ADVANCED_FACE ( 'NONE', ( #727 ), #1266, .T. ) ;
#1503 = VERTEX_POINT ( 'NONE', #1114 ) ;
#1504 = CARTESIAN_POINT ( 'NONE',  ( -7.042977312465839170E-15, 20.30000000000000426, -37.00000000000000000 ) ) ;
#1505 = LINE ( 'NONE', #83, #359 ) ;
#1506 = CIRCLE ( 'NONE', #724, 1.000000000000000888 ) ;
#1507 = FACE_BOUND ( 'NONE', #1629, .T. ) ;
#1508 = ORIENTED_EDGE ( 'NONE', *, *, #2068, .F. ) ;
#1509 = FACE_BOUND ( 'NONE', #477, .T. ) ;
#1510 = ORIENTED_EDGE ( 'NONE', *, *, #1319, .F. ) ;
#1511 = ORIENTED_EDGE ( 'NONE', *, *, #317, .T. ) ;
#1512 = ORIENTED_EDGE ( 'NONE', *, *, #2285, .F. ) ;
#1513 = DIRECTION ( 'NONE',  ( -0.1924500897298727919, -0.9622504486493771436, 0.1924500897298727642 ) ) ;
#1514 = CARTESIAN_POINT ( 'NONE',  ( -10.00000000000000711, -19.30000000000000071, -37.00000000000000000 ) ) ;
#1515 = ADVANCED_FACE ( 'NONE', ( #1462 ), #2172, .T. ) ;
#1516 = AXIS2_PLACEMENT_3D ( 'NONE', #2184, #1088, #754 ) ;
#1517 = CARTESIAN_POINT ( 'NONE',  ( -8.673617379884037444E-16, 22.80000000000000426, 0.000000000000000000 ) ) ;
#1518 = EDGE_CURVE ( 'NONE', #954, #43, #779, .T. ) ;
#1519 = VECTOR ( 'NONE', #1202, 1000.000000000000000 ) ;
#1520 = CIRCLE ( 'NONE', #1821, 2.250000000000000444 ) ;
#1521 = ORIENTED_EDGE ( 'NONE', *, *, #1530, .F. ) ;
#1522 = AXIS2_PLACEMENT_3D ( 'NONE', #1119, #88, #1989 ) ;
#1523 = DIRECTION ( 'NONE',  ( -0.000000000000000000, 0.000000000000000000, 1.000000000000000000 ) ) ;
#1524 = ORIENTED_EDGE ( 'NONE', *, *, #1844, .T. ) ;
#1525 = ORIENTED_EDGE ( 'NONE', *, *, #1617, .F. ) ;
#1526 = ORIENTED_EDGE ( 'NONE', *, *, #2233, .T. ) ;
#1527 = SECURITY_CLASSIFICATION_LEVEL ( 'unclassified' ) ;
#1528 = DIRECTION ( 'NONE',  ( -0.000000000000000000, 0.000000000000000000, 1.000000000000000000 ) ) ;
#1529 = SECURITY_CLASSIFICATION ( '', '', #1527 ) ;
#1530 = EDGE_CURVE ( 'NONE', #1386, #437, #1674, .T. ) ;
#1531 = DIRECTION ( 'NONE',  ( -0.000000000000000000, 0.000000000000000000, 1.000000000000000000 ) ) ;
#1532 = EDGE_CURVE ( 'NONE', #1030, #1043, #697, .T. ) ;
#1533 = EDGE_CURVE ( 'NONE', #1302, #16, #996, .T. ) ;
#1534 = VERTEX_POINT ( 'NONE', #716 ) ;
#1535 = AXIS2_PLACEMENT_3D ( 'NONE', #560, #1978, #208 ) ;
#1536 = DIRECTION ( 'NONE',  ( 0.000000000000000000, 0.000000000000000000, -1.000000000000000000 ) ) ;
#1537 = CIRCLE ( 'NONE', #157, 2.249999999999998668 ) ;
#1538 = CARTESIAN_POINT ( 'NONE',  ( 2.192117770473762465E-15, 9.800000000000002487, 6.000000000000000000 ) ) ;
#1539 = ORIENTED_EDGE ( 'NONE', *, *, #203, .T. ) ;
#1540 = DATE_AND_TIME ( #1875, #300 ) ;
#1541 = CARTESIAN_POINT ( 'NONE',  ( -0.9999999999999981126, 9.800000000000002487, 0.000000000000000000 ) ) ;
#1542 = DIRECTION ( 'NONE',  ( 1.000000000000000000, 3.469446951953614682E-16, 0.000000000000000000 ) ) ;
#1543 = EDGE_CURVE ( 'NONE', #874, #1900, #1070, .T. ) ;
#1544 = CARTESIAN_POINT ( 'NONE',  ( -7.249999999999996447, -24.30000000000000071, -9.900000000000000355 ) ) ;
#1545 = CARTESIAN_POINT ( 'NONE',  ( 6.383974596215558961, 9.800000000000002487, 2.000000000000000000 ) ) ;
#1546 = ORIENTED_EDGE ( 'NONE', *, *, #2154, .T. ) ;
#1547 = DATE_AND_TIME ( #486, #1194 ) ;
#1548 = CARTESIAN_POINT ( 'NONE',  ( 2.192117770473762465E-15, 9.800000000000002487, 2.000000000000000000 ) ) ;
#1549 = ORIENTED_EDGE ( 'NONE', *, *, #680, .T. ) ;
#1550 = DIRECTION ( 'NONE',  ( 6.262539624465007810E-17, -1.000000000000000000, 0.000000000000000000 ) ) ;
#1551 = VECTOR ( 'NONE', #1550, 1000.000000000000000 ) ;
#1552 = EDGE_LOOP ( 'NONE', ( #1946, #1895, #1331, #1476 ) ) ;
#1553 = AXIS2_PLACEMENT_3D ( 'NONE', #1297, #913, #77 ) ;
#1554 = LINE ( 'NONE', #660, #2289 ) ;
#1555 = EDGE_CURVE ( 'NONE', #950, #347, #1995, .T. ) ;
#1556 = DIRECTION ( 'NONE',  ( 6.262539624465007810E-17, -1.000000000000000000, 0.000000000000000000 ) ) ;
#1557 = CARTESIAN_POINT ( 'NONE',  ( -5.806624327025926569, 9.800000000000002487, 1.000000000000000000 ) ) ;
#1558 = EDGE_LOOP ( 'NONE', ( #1098, #34, #2306, #816 ) ) ;
#1559 = AXIS2_PLACEMENT_3D ( 'NONE', #2113, #1736, #490 ) ;
#1560 = PERSON_AND_ORGANIZATION ( #2256, #2 ) ;
#1561 = CARTESIAN_POINT ( 'NONE',  ( -9.000000000000007105, -19.30000000000000071, -37.00000000000000000 ) ) ;
#1562 = VECTOR ( 'NONE', #1654, 1000.000000000000000 ) ;
#1563 = VERTEX_POINT ( 'NONE', #1075 ) ;
#1564 = CARTESIAN_POINT ( 'NONE',  ( 2.192117770473762465E-15, 9.800000000000002487, 6.000000000000000000 ) ) ;
#1565 = AXIS2_PLACEMENT_3D ( 'NONE', #1448, #699, #1808 ) ;
#1566 = CARTESIAN_POINT ( 'NONE',  ( 9.000000000000005329, -19.29999999999997229, -9.900000000000000355 ) ) ;
#1567 = DIRECTION ( 'NONE',  ( 1.000000000000000000, 1.734723475976805319E-15, 0.000000000000000000 ) ) ;
#1568 = CARTESIAN_POINT ( 'NONE',  ( 8.999999999999998224, 3.076356903210101747E-15, -37.00000000000000000 ) ) ;
#1569 = AXIS2_PLACEMENT_3D ( 'NONE', #932, #723, #1 ) ;
#1570 = EDGE_CURVE ( 'NONE', #356, #874, #403, .T. ) ;
#1571 = DIRECTION ( 'NONE',  ( 1.000000000000000000, 0.000000000000000000, 0.000000000000000000 ) ) ;
#1572 = VECTOR ( 'NONE', #1031, 1000.000000000000000 ) ;
#1573 = ORIENTED_EDGE ( 'NONE', *, *, #899, .F. ) ;
#1574 = CARTESIAN_POINT ( 'NONE',  ( -4.805184028455755652E-15, 27.69999999999999929, -9.900000000000000355 ) ) ;
#1575 = EDGE_CURVE ( 'NONE', #1643, #152, #444, .T. ) ;
#1576 = ORIENTED_EDGE ( 'NONE', *, *, #2236, .T. ) ;
#1577 = CARTESIAN_POINT ( 'NONE',  ( 10.00000000000000355, -20.29999999999997584, -36.00000000000000000 ) ) ;
#1578 = VERTEX_POINT ( 'NONE', #1655 ) ;
#1579 = AXIS2_PLACEMENT_3D ( 'NONE', #255, #52, #39 ) ;
#1580 = DIRECTION ( 'NONE',  ( -0.8660254037844395958, -0.4999999999999983347, 0.000000000000000000 ) ) ;
#1581 = DIRECTION ( 'NONE',  ( 0.000000000000000000, -1.000000000000000000, 0.000000000000000000 ) ) ;
#1582 = DIRECTION ( 'NONE',  ( 0.000000000000000000, -0.000000000000000000, -1.000000000000000000 ) ) ;
#1583 = ORIENTED_EDGE ( 'NONE', *, *, #1019, .F. ) ;
#1584 = ORIENTED_EDGE ( 'NONE', *, *, #1899, .F. ) ;
#1585 = DIRECTION ( 'NONE',  ( 1.000000000000000000, 0.000000000000000000, 0.000000000000000000 ) ) ;
#1586 = ADVANCED_FACE ( 'NONE', ( #60 ), #635, .T. ) ;
#1587 = CARTESIAN_POINT ( 'NONE',  ( 7.113248654051845143, 26.69999999999999929, -12.50000000000000000 ) ) ;
#1588 = DIRECTION ( 'NONE',  ( -3.469446951953606793E-16, 1.000000000000000000, 0.000000000000000000 ) ) ;
#1589 = CIRCLE ( 'NONE', #551, 3.000000000000000444 ) ;
#1590 = DIRECTION ( 'NONE',  ( -1.000000000000000000, 0.000000000000000000, 0.000000000000000000 ) ) ;
#1591 = DIRECTION ( 'NONE',  ( -0.4999999999999986677, 0.8660254037844393737, -0.000000000000000000 ) ) ;
#1592 = CARTESIAN_POINT ( 'NONE',  ( -3.429000000000007820, 22.80000000000000426, -35.49999999999999289 ) ) ;
#1593 = ORIENTED_EDGE ( 'NONE', *, *, #1416, .F. ) ;
#1594 = SPHERICAL_SURFACE ( 'NONE', #2166, 1.000000000000000000 ) ;
#1595 = AXIS2_PLACEMENT_3D ( 'NONE', #2178, #409, #1157 ) ;
#1596 = ORIENTED_EDGE ( 'NONE', *, *, #2285, .T. ) ;
#1597 = CARTESIAN_POINT ( 'NONE',  ( 7.113248654051845143, 27.69999999999999929, -12.50000000000000000 ) ) ;
#1598 = ORIENTED_EDGE ( 'NONE', *, *, #508, .F. ) ;
#1599 = PLANE ( 'NONE',  #939 ) ;
#1600 = ORIENTED_EDGE ( 'NONE', *, *, #1046, .F. ) ;
#1601 = CC_DESIGN_APPROVAL ( #1296, ( #975 ) ) ;
#1602 = FACE_OUTER_BOUND ( 'NONE', #1675, .T. ) ;
#1603 = ADVANCED_FACE ( 'NONE', ( #1333 ), #274, .T. ) ;
#1604 = UNCERTAINTY_MEASURE_WITH_UNIT (LENGTH_MEASURE( 1.000000000000000082E-05 ), #130, 'distance_accuracy_value', 'NONE');
#1605 = ADVANCED_FACE ( 'NONE', ( #429 ), #260, .F. ) ;
#1606 = DIRECTION ( 'NONE',  ( -0.000000000000000000, -0.000000000000000000, 1.000000000000000000 ) ) ;
#1607 = LINE ( 'NONE', #1592, #2042 ) ;
#1608 = ORIENTED_EDGE ( 'NONE', *, *, #578, .T. ) ;
#1609 = AXIS2_PLACEMENT_3D ( 'NONE', #535, #1261, #1248 ) ;
#1610 = CARTESIAN_POINT ( 'NONE',  ( 8.999999999999989342, 23.43205080756883163, -12.50000000000000000 ) ) ;
#1611 = ORIENTED_EDGE ( 'NONE', *, *, #989, .T. ) ;
#1612 = FACE_OUTER_BOUND ( 'NONE', #1665, .T. ) ;
#1613 = ORIENTED_EDGE ( 'NONE', *, *, #251, .T. ) ;
#1614 = PLANE ( 'NONE',  #1516 ) ;
#1615 = DIRECTION ( 'NONE',  ( 1.000000000000000000, 0.000000000000000000, 0.000000000000000000 ) ) ;
#1616 = FACE_OUTER_BOUND ( 'NONE', #1318, .T. ) ;
#1617 = EDGE_CURVE ( 'NONE', #1900, #1503, #982, .T. ) ;
#1618 = CARTESIAN_POINT ( 'NONE',  ( -9.000000000000008882, 20.30000000000000071, -12.50000000000000000 ) ) ;
#1619 = DIRECTION ( 'NONE',  ( 0.000000000000000000, -1.000000000000000000, 0.000000000000000000 ) ) ;
#1620 = VECTOR ( 'NONE', #1591, 1000.000000000000000 ) ;
#1621 = ORIENTED_EDGE ( 'NONE', *, *, #661, .T. ) ;
#1622 = DIRECTION ( 'NONE',  ( 0.000000000000000000, 0.000000000000000000, 1.000000000000000000 ) ) ;
#1623 = ORIENTED_EDGE ( 'NONE', *, *, #1295, .F. ) ;
#1624 = LINE ( 'NONE', #774, #638 ) ;
#1625 = EDGE_LOOP ( 'NONE', ( #1040, #384, #1598 ) ) ;
#1626 = DIRECTION ( 'NONE',  ( 1.000000000000000000, 0.000000000000000000, 0.000000000000000000 ) ) ;
#1627 = CYLINDRICAL_SURFACE ( 'NONE', #704, 1.000000000000000888 ) ;
#1628 = DIRECTION ( 'NONE',  ( -1.000000000000000000, 0.000000000000000000, 0.000000000000000000 ) ) ;
#1629 = EDGE_LOOP ( 'NONE', ( #574, #390 ) ) ;
#1630 = PRODUCT_DEFINITION_SHAPE ( 'NONE', 'NONE',  #975 ) ;
#1631 = DIRECTION ( 'NONE',  ( 0.000000000000000000, -0.000000000000000000, -1.000000000000000000 ) ) ;
#1632 = DIRECTION ( 'NONE',  ( 1.000000000000000000, 0.000000000000000000, -8.673617379884027583E-16 ) ) ;
#1633 = CARTESIAN_POINT ( 'NONE',  ( 9.999999999999989342, 20.30000000000000782, -0.9999999999999991118 ) ) ;
#1634 = LINE ( 'NONE', #398, #600 ) ;
#1635 = EDGE_CURVE ( 'NONE', #967, #827, #2147, .T. ) ;
#1636 = VECTOR ( 'NONE', #2255, 1000.000000000000000 ) ;
#1637 = AXIS2_PLACEMENT_3D ( 'NONE', #927, #2176, #421 ) ;
#1638 = EDGE_CURVE ( 'NONE', #1762, #1534, #1505, .T. ) ;
#1639 = CARTESIAN_POINT ( 'NONE',  ( 8.999999999999991118, 19.30000000000000782, -37.00000000000000000 ) ) ;
#1640 = EDGE_CURVE ( 'NONE', #665, #1534, #1889, .T. ) ;
#1641 = ORIENTED_EDGE ( 'NONE', *, *, #749, .T. ) ;
#1642 = DIRECTION ( 'NONE',  ( 1.138269997360109428E-16, 0.000000000000000000, 1.000000000000000000 ) ) ;
#1643 = VERTEX_POINT ( 'NONE', #2049 ) ;
#1644 = DIRECTION ( 'NONE',  ( -0.000000000000000000, 0.000000000000000000, 1.000000000000000000 ) ) ;
#1645 = CIRCLE ( 'NONE', #2115, 0.9999999999999991118 ) ;
#1646 = DIRECTION ( 'NONE',  ( 0.000000000000000000, 0.000000000000000000, 1.000000000000000000 ) ) ;
#1647 = AXIS2_PLACEMENT_3D ( 'NONE', #427, #1863, #1291 ) ;
#1648 = DIRECTION ( 'NONE',  ( -0.000000000000000000, 0.000000000000000000, 1.000000000000000000 ) ) ;
#1649 = FACE_OUTER_BOUND ( 'NONE', #1625, .T. ) ;
#1650 = CARTESIAN_POINT ( 'NONE',  ( 9.999999999999996447, 3.418174336900112789E-15, -37.00000000000000000 ) ) ;
#1651 = LINE ( 'NONE', #2000, #2215 ) ;
#1652 = ADVANCED_FACE ( 'NONE', ( #808 ), #1163, .T. ) ;
#1653 = ORIENTED_EDGE ( 'NONE', *, *, #410, .T. ) ;
#1654 = DIRECTION ( 'NONE',  ( -1.000000000000000000, -0.000000000000000000, -0.000000000000000000 ) ) ;
#1655 = CARTESIAN_POINT ( 'NONE',  ( -6.672649730810365831, 9.800000000000002487, 1.500000000000001332 ) ) ;
#1656 = ADVANCED_FACE ( 'NONE', ( #2231 ), #2220, .F. ) ;
#1657 = AXIS2_PLACEMENT_3D ( 'NONE', #1557, #675, #1058 ) ;
#1658 = AXIS2_PLACEMENT_3D ( 'NONE', #2146, #983, #1356 ) ;
#1659 = LINE ( 'NONE', #776, #1089 ) ;
#1660 = EDGE_CURVE ( 'NONE', #1275, #528, #1743, .T. ) ;
#1661 = EDGE_CURVE ( 'NONE', #1578, #315, #465, .T. ) ;
#1662 = PLANE ( 'NONE',  #1152 ) ;
#1663 = DIRECTION ( 'NONE',  ( 0.000000000000000000, 0.000000000000000000, 1.000000000000000000 ) ) ;
#1664 = ORIENTED_EDGE ( 'NONE', *, *, #1008, .F. ) ;
#1665 = EDGE_LOOP ( 'NONE', ( #1943, #1881, #1351, #980 ) ) ;
#1666 = PLANE ( 'NONE',  #456 ) ;
#1667 = CARTESIAN_POINT ( 'NONE',  ( -4.999999999999997335, 24.30000000000000071, -12.50000000000000000 ) ) ;
#1668 = EDGE_CURVE ( 'NONE', #1227, #698, #1714, .T. ) ;
#1669 = CARTESIAN_POINT ( 'NONE',  ( -9.000000000000008882, 20.30000000000000071, -12.50000000000000000 ) ) ;
#1670 = ORIENTED_EDGE ( 'NONE', *, *, #1345, .F. ) ;
#1671 = DIRECTION ( 'NONE',  ( 0.000000000000000000, 0.000000000000000000, 1.000000000000000000 ) ) ;
#1672 = CARTESIAN_POINT ( 'NONE',  ( -4.999999999999997335, -24.30000000000000071, -12.50000000000000000 ) ) ;
#1673 = VERTEX_POINT ( 'NONE', #2063 ) ;
#1674 = CIRCLE ( 'NONE', #1113, 1.000000000000000888 ) ;
#1675 = EDGE_LOOP ( 'NONE', ( #1320, #491, #1050, #1312 ) ) ;
#1676 = CARTESIAN_POINT ( 'NONE',  ( 2.749999999999978240, 24.30000000000000426, -12.50000000000000000 ) ) ;
#1677 = AXIS2_PLACEMENT_3D ( 'NONE', #194, #1271, #679 ) ;
#1678 = DIRECTION ( 'NONE',  ( 1.000000000000000000, 0.000000000000000000, 0.000000000000000000 ) ) ;
#1679 = CIRCLE ( 'NONE', #2151, 0.9999999999999991118 ) ;
#1680 = DIRECTION ( 'NONE',  ( 6.262539624465007810E-17, -1.000000000000000000, 0.000000000000000000 ) ) ;
#1681 = EDGE_CURVE ( 'NONE', #1797, #607, #1816, .T. ) ;
#1682 = ORIENTED_EDGE ( 'NONE', *, *, #441, .T. ) ;
#1683 = CARTESIAN_POINT ( 'NONE',  ( 7.979274057836299505, -27.19999999999999929, -12.50000000000000000 ) ) ;
#1684 = EDGE_CURVE ( 'NONE', #790, #293, #2226, .T. ) ;
#1685 = CARTESIAN_POINT ( 'NONE',  ( -9.000000000000008882, 19.30000000000000071, -37.00000000000000000 ) ) ;
#1686 = CIRCLE ( 'NONE', #747, 3.000000000000000444 ) ;
#1687 = ORIENTED_EDGE ( 'NONE', *, *, #2030, .T. ) ;
#1688 = EDGE_CURVE ( 'NONE', #2090, #676, #737, .T. ) ;
#1689 = FACE_OUTER_BOUND ( 'NONE', #893, .T. ) ;
#1690 = DIRECTION ( 'NONE',  ( -0.000000000000000000, 0.000000000000000000, 1.000000000000000000 ) ) ;
#1691 = ORIENTED_EDGE ( 'NONE', *, *, #160, .T. ) ;
#1692 = CARTESIAN_POINT ( 'NONE',  ( 0.000000000000000000, 0.000000000000000000, -12.50000000000000000 ) ) ;
#1693 = CARTESIAN_POINT ( 'NONE',  ( 10.00000000000000355, -20.29999999999997584, -1.000000000000000888 ) ) ;
#1694 = CIRCLE ( 'NONE', #1726, 1.000000000000000222 ) ;
#1695 = DIRECTION ( 'NONE',  ( 0.000000000000000000, 1.000000000000000000, -0.000000000000000000 ) ) ;
#1696 = EDGE_LOOP ( 'NONE', ( #2062, #213, #383, #763 ) ) ;
#1697 = FACE_OUTER_BOUND ( 'NONE', #819, .T. ) ;
#1698 = ADVANCED_FACE ( 'NONE', ( #604 ), #2195, .T. ) ;
#1699 = CARTESIAN_POINT ( 'NONE',  ( -2.820518518518520867, 23.34240740740740705, -35.39151851851850950 ) ) ;
#1700 = ORIENTED_EDGE ( 'NONE', *, *, #1359, .F. ) ;
#1701 = VECTOR ( 'NONE', #2282, 1000.000000000000000 ) ;
#1702 = ORIENTED_EDGE ( 'NONE', *, *, #292, .T. ) ;
#1703 = CARTESIAN_POINT ( 'NONE',  ( 0.000000000000000000, 0.000000000000000000, 0.000000000000000000 ) ) ;
#1704 = CARTESIAN_POINT ( 'NONE',  ( -8.673617379884037444E-16, 22.80000000000000426, -32.69000000000000483 ) ) ;
#1705 = AXIS2_PLACEMENT_3D ( 'NONE', #1757, #1254, #320 ) ;
#1706 = CARTESIAN_POINT ( 'NONE',  ( 2.749999999999996891, -24.29999999999997584, -12.50000000000000000 ) ) ;
#1707 = VERTEX_POINT ( 'NONE', #440 ) ;
#1708 = CARTESIAN_POINT ( 'NONE',  ( 7.249999999999978684, 24.30000000000000426, -12.50000000000000000 ) ) ;
#1709 = LINE ( 'NONE', #1699, #669 ) ;
#1710 = ORIENTED_EDGE ( 'NONE', *, *, #1668, .F. ) ;
#1711 = EDGE_CURVE ( 'NONE', #1302, #126, #1854, .T. ) ;
#1712 = ORIENTED_EDGE ( 'NONE', *, *, #41, .F. ) ;
#1713 = APPROVAL_STATUS ( 'not_yet_approved' ) ;
#1714 = LINE ( 'NONE', #2245, #142 ) ;
#1715 = EDGE_CURVE ( 'NONE', #1224, #1103, #2276, .T. ) ;
#1716 = AXIS2_PLACEMENT_3D ( 'NONE', #775, #1528, #1843 ) ;
#1717 = LINE ( 'NONE', #1855, #2052 ) ;
#1718 = DIRECTION ( 'NONE',  ( 1.734723475976805517E-15, -1.000000000000000000, 0.000000000000000000 ) ) ;
#1719 = CYLINDRICAL_SURFACE ( 'NONE', #1921, 1.000000000000000222 ) ;
#1720 = EDGE_LOOP ( 'NONE', ( #1083, #1326, #349, #448 ) ) ;
#1721 = AXIS2_PLACEMENT_3D ( 'NONE', #1073, #2131, #385 ) ;
#1722 = EDGE_CURVE ( 'NONE', #1205, #109, #1388, .T. ) ;
#1723 = EDGE_LOOP ( 'NONE', ( #2134, #652, #54, #1027 ) ) ;
#1724 = EDGE_CURVE ( 'NONE', #1795, #2241, #1374, .T. ) ;
#1725 = CARTESIAN_POINT ( 'NONE',  ( 8.999999999999991118, 19.30000000000000782, -36.00000000000000000 ) ) ;
#1726 = AXIS2_PLACEMENT_3D ( 'NONE', #1437, #1102, #1982 ) ;
#1727 = DIRECTION ( 'NONE',  ( 0.000000000000000000, 0.000000000000000000, 1.000000000000000000 ) ) ;
#1728 = ORIENTED_EDGE ( 'NONE', *, *, #869, .F. ) ;
#1729 = CARTESIAN_POINT ( 'NONE',  ( 3.428999999999993165, 20.30000000000000426, -36.00000000000000000 ) ) ;
#1730 = ORIENTED_EDGE ( 'NONE', *, *, #160, .F. ) ;
#1731 =( NAMED_UNIT ( * ) PLANE_ANGLE_UNIT ( ) SI_UNIT ( $, .RADIAN. ) );
#1732 = DIRECTION ( 'NONE',  ( -1.000000000000000000, -3.469446951953615668E-16, 0.000000000000000000 ) ) ;
#1733 = DIRECTION ( 'NONE',  ( 3.131269812232504891E-16, -1.000000000000000000, 0.000000000000000000 ) ) ;
#1734 = EDGE_CURVE ( 'NONE', #891, #1412, #1405, .T. ) ;
#1735 = VERTEX_POINT ( 'NONE', #2264 ) ;
#1736 = DIRECTION ( 'NONE',  ( 1.000000000000000000, 0.000000000000000000, 0.000000000000000000 ) ) ;
#1737 = DIRECTION ( 'NONE',  ( 1.138269997360109428E-16, -0.000000000000000000, -1.000000000000000000 ) ) ;
#1738 = VERTEX_POINT ( 'NONE', #22 ) ;
#1739 = PERSON_AND_ORGANIZATION ( #2256, #2 ) ;
#1740 = DIRECTION ( 'NONE',  ( 0.000000000000000000, 0.000000000000000000, 1.000000000000000000 ) ) ;
#1741 = ORIENTED_EDGE ( 'NONE', *, *, #2138, .T. ) ;
#1742 = LINE ( 'NONE', #849, #649 ) ;
#1743 = CIRCLE ( 'NONE', #1716, 1.000000000000000888 ) ;
#1744 = AXIS2_PLACEMENT_3D ( 'NONE', #1794, #1619, #122 ) ;
#1745 = APPROVAL ( #2127, 'UNSPECIFIED' ) ;
#1746 = PLANE ( 'NONE',  #2268 ) ;
#1747 = ADVANCED_FACE ( 'NONE', ( #487 ), #1212, .T. ) ;
#1748 = DIRECTION ( 'NONE',  ( 1.000000000000000000, 0.000000000000000000, 0.000000000000000000 ) ) ;
#1749 = VECTOR ( 'NONE', #902, 1000.000000000000000 ) ;
#1750 = EDGE_CURVE ( 'NONE', #827, #967, #1589, .T. ) ;
#1751 = VERTEX_POINT ( 'NONE', #1906 ) ;
#1752 = CARTESIAN_POINT ( 'NONE',  ( -2.999999999999998224, 9.800000000000002487, 2.000000000000000000 ) ) ;
#1753 =( GEOMETRIC_REPRESENTATION_CONTEXT ( 3 ) GLOBAL_UNCERTAINTY_ASSIGNED_CONTEXT ( ( #1604 ) ) GLOBAL_UNIT_ASSIGNED_CONTEXT ( ( #130, #1731, #1189 ) ) REPRESENTATION_CONTEXT ( 'NONE', 'WORKASPACE' ) );
#1754 = DIRECTION ( 'NONE',  ( -0.000000000000000000, 0.000000000000000000, 1.000000000000000000 ) ) ;
#1755 = ORIENTED_EDGE ( 'NONE', *, *, #563, .F. ) ;
#1756 = CARTESIAN_POINT ( 'NONE',  ( 3.428999999999992720, 20.30000000000000426, -32.18999999999999773 ) ) ;
#1757 = CARTESIAN_POINT ( 'NONE',  ( 4.999999999999997335, -24.29999999999997584, -12.50000000000000000 ) ) ;
#1758 = CIRCLE ( 'NONE', #94, 0.9999999999999991118 ) ;
#1759 = CARTESIAN_POINT ( 'NONE',  ( 7.250000000000002665, 9.800000000000004263, 2.000000000000000000 ) ) ;
#1760 = EDGE_CURVE ( 'NONE', #954, #1438, #557, .T. ) ;
#1761 = VECTOR ( 'NONE', #1866, 1000.000000000000000 ) ;
#1762 = VERTEX_POINT ( 'NONE', #314 ) ;
#1763 = ORIENTED_EDGE ( 'NONE', *, *, #1938, .T. ) ;
#1764 = LINE ( 'NONE', #2294, #334 ) ;
#1765 = VERTEX_POINT ( 'NONE', #1029 ) ;
#1766 = FACE_OUTER_BOUND ( 'NONE', #772, .T. ) ;
#1767 = ORIENTED_EDGE ( 'NONE', *, *, #485, .T. ) ;
#1768 = DIRECTION ( 'NONE',  ( 1.000000000000000000, 1.387778780781444689E-15, 0.000000000000000000 ) ) ;
#1769 = AXIS2_PLACEMENT_3D ( 'NONE', #97, #1168, #1718 ) ;
#1770 = DIRECTION ( 'NONE',  ( -1.734723475976805517E-15, 1.000000000000000000, 0.000000000000000000 ) ) ;
#1771 = CARTESIAN_POINT ( 'NONE',  ( -2.749999999999999112, 24.30000000000000071, -12.50000000000000000 ) ) ;
#1772 = ORIENTED_EDGE ( 'NONE', *, *, #1419, .F. ) ;
#1773 = EDGE_CURVE ( 'NONE', #1738, #2254, #362, .T. ) ;
#1774 = CARTESIAN_POINT ( 'NONE',  ( -4.999999999999997335, 24.30000000000000071, -12.50000000000000000 ) ) ;
#1775 = DIRECTION ( 'NONE',  ( -1.000000000000000000, 0.000000000000000000, 0.000000000000000000 ) ) ;
#1776 = EDGE_CURVE ( 'NONE', #426, #1673, #2083, .T. ) ;
#1777 = ORIENTED_EDGE ( 'NONE', *, *, #1235, .T. ) ;
#1778 = LINE ( 'NONE', #555, #2112 ) ;
#1779 = CIRCLE ( 'NONE', #514, 2.250000000000000444 ) ;
#1780 = DIRECTION ( 'NONE',  ( 1.000000000000000000, 0.000000000000000000, 0.000000000000000000 ) ) ;
#1781 = CARTESIAN_POINT ( 'NONE',  ( 9.000000000000005329, -19.29999999999997229, -36.00000000000000000 ) ) ;
#1782 = PLANE ( 'NONE',  #1409 ) ;
#1783 = CIRCLE ( 'NONE', #2192, 1.000000000000000000 ) ;
#1784 = PERSON_AND_ORGANIZATION ( #2256, #2 ) ;
#1785 = ORIENTED_EDGE ( 'NONE', *, *, #1555, .T. ) ;
#1786 = VERTEX_POINT ( 'NONE', #729 ) ;
#1787 = DIRECTION ( 'NONE',  ( 0.000000000000000000, 0.000000000000000000, 1.000000000000000000 ) ) ;
#1788 = ORIENTED_EDGE ( 'NONE', *, *, #1419, .T. ) ;
#1789 = FACE_OUTER_BOUND ( 'NONE', #1807, .T. ) ;
#1790 = ADVANCED_FACE ( 'NONE', ( #1018 ), #515, .T. ) ;
#1791 = AXIS2_PLACEMENT_3D ( 'NONE', #2142, #1411, #348 ) ;
#1792 = FACE_OUTER_BOUND ( 'NONE', #1110, .T. ) ;
#1793 = FACE_OUTER_BOUND ( 'NONE', #797, .T. ) ;
#1794 = CARTESIAN_POINT ( 'NONE',  ( -9.000000000000007105, -19.30000000000000071, -1.000000000000000000 ) ) ;
#1795 = VERTEX_POINT ( 'NONE', #366 ) ;
#1796 = CARTESIAN_POINT ( 'NONE',  ( 8.999999999999991118, 19.30000000000000782, -12.50000000000000000 ) ) ;
#1797 = VERTEX_POINT ( 'NONE', #1752 ) ;
#1798 = DIRECTION ( 'NONE',  ( -0.000000000000000000, 0.000000000000000000, 1.000000000000000000 ) ) ;
#1799 = CARTESIAN_POINT ( 'NONE',  ( 7.113248654051858466, -27.70000000000000284, -12.50000000000000000 ) ) ;
#1800 = DIRECTION ( 'NONE',  ( 1.000000000000000000, 1.387778780781444887E-15, 0.000000000000000000 ) ) ;
#1801 = ORIENTED_EDGE ( 'NONE', *, *, #1139, .F. ) ;
#1802 = ADVANCED_FACE ( 'NONE', ( #831 ), #1190, .T. ) ;
#1803 = DIRECTION ( 'NONE',  ( 0.000000000000000000, 0.000000000000000000, -1.000000000000000000 ) ) ;
#1804 = CARTESIAN_POINT ( 'NONE',  ( 1.614185185185207150, 29.37407407407399873, -34.18518518518520466 ) ) ;
#1805 = VERTEX_POINT ( 'NONE', #1080 ) ;
#1806 = DIRECTION ( 'NONE',  ( 1.000000000000000000, 1.387778780781446938E-14, 0.000000000000000000 ) ) ;
#1807 = EDGE_LOOP ( 'NONE', ( #1962, #420, #642 ) ) ;
#1808 = DIRECTION ( 'NONE',  ( 1.000000000000000000, 0.000000000000000000, 0.000000000000000000 ) ) ;
#1809 = ORIENTED_EDGE ( 'NONE', *, *, #1638, .F. ) ;
#1810 = DIRECTION ( 'NONE',  ( 1.000000000000000000, 0.000000000000000000, 0.000000000000000000 ) ) ;
#1811 = CARTESIAN_POINT ( 'NONE',  ( -9.000000000000008882, 19.30000000000000071, -36.00000000000000000 ) ) ;
#1812 = ORIENTED_EDGE ( 'NONE', *, *, #1750, .F. ) ;
#1813 = CARTESIAN_POINT ( 'NONE',  ( 0.000000000000000000, 0.000000000000000000, -12.50000000000000000 ) ) ;
#1814 = DIRECTION ( 'NONE',  ( 1.000000000000000000, 0.000000000000000000, 0.000000000000000000 ) ) ;
#1815 = DIRECTION ( 'NONE',  ( -0.000000000000000000, -0.000000000000000000, -1.000000000000000000 ) ) ;
#1816 = CIRCLE ( 'NONE', #1441, 3.000000000000000444 ) ;
#1817 = EDGE_CURVE ( 'NONE', #696, #1503, #2230, .T. ) ;
#1818 = ORIENTED_EDGE ( 'NONE', *, *, #237, .T. ) ;
#1819 = AXIS2_PLACEMENT_3D ( 'NONE', #205, #770, #38 ) ;
#1820 = LINE ( 'NONE', #892, #1347 ) ;
#1821 = AXIS2_PLACEMENT_3D ( 'NONE', #621, #1631, #1615 ) ;
#1822 = ORIENTED_EDGE ( 'NONE', *, *, #1195, .T. ) ;
#1823 = CARTESIAN_POINT ( 'NONE',  ( 2.192117770473762465E-15, 9.800000000000002487, 0.000000000000000000 ) ) ;
#1824 = CARTESIAN_POINT ( 'NONE',  ( 9.000000000000005329, -19.29999999999997229, -37.00000000000000000 ) ) ;
#1825 = VECTOR ( 'NONE', #1642, 1000.000000000000000 ) ;
#1826 = DIRECTION ( 'NONE',  ( 0.000000000000000000, 0.000000000000000000, 1.000000000000000000 ) ) ;
#1827 = DIRECTION ( 'NONE',  ( 1.000000000000000000, 0.000000000000000000, 0.000000000000000000 ) ) ;
#1828 = DIRECTION ( 'NONE',  ( -1.000000000000000000, 0.000000000000000000, 0.000000000000000000 ) ) ;
#1829 = EDGE_CURVE ( 'NONE', #63, #950, #1440, .T. ) ;
#1830 = ORIENTED_EDGE ( 'NONE', *, *, #151, .F. ) ;
#1831 = DIRECTION ( 'NONE',  ( -1.000000000000000000, -1.387778780781444887E-15, -0.000000000000000000 ) ) ;
#1832 = CARTESIAN_POINT ( 'NONE',  ( -7.113248654051875342, -26.70000000000000284, -12.50000000000000000 ) ) ;
#1833 = AXIS2_PLACEMENT_3D ( 'NONE', #183, #355, #56 ) ;
#1834 = AXIS2_PLACEMENT_3D ( 'NONE', #2043, #1531, #617 ) ;
#1835 = DIRECTION ( 'NONE',  ( -0.000000000000000000, -0.000000000000000000, 1.000000000000000000 ) ) ;
#1836 = ORIENTED_EDGE ( 'NONE', *, *, #86, .F. ) ;
#1837 = DIRECTION ( 'NONE',  ( 0.000000000000000000, 0.000000000000000000, 1.000000000000000000 ) ) ;
#1838 = CARTESIAN_POINT ( 'NONE',  ( 7.113248654051845143, 27.69999999999999929, -12.50000000000000000 ) ) ;
#1839 = ORIENTED_EDGE ( 'NONE', *, *, #1910, .T. ) ;
#1840 = VERTEX_POINT ( 'NONE', #1541 ) ;
#1841 = DIRECTION ( 'NONE',  ( -0.000000000000000000, -0.000000000000000000, -1.000000000000000000 ) ) ;
#1842 = ADVANCED_FACE ( 'NONE', ( #1917 ), #1365, .T. ) ;
#1843 = DIRECTION ( 'NONE',  ( 1.000000000000000000, 0.000000000000000000, 0.000000000000000000 ) ) ;
#1844 = EDGE_CURVE ( 'NONE', #580, #1534, #79, .T. ) ;
#1845 = CARTESIAN_POINT ( 'NONE',  ( -9.866025403784448145, -23.93205080756886360, -37.00000000000000000 ) ) ;
#1846 = ORIENTED_EDGE ( 'NONE', *, *, #485, .F. ) ;
#1847 = EDGE_CURVE ( 'NONE', #1452, #1078, #2187, .T. ) ;
#1848 = ORIENTED_EDGE ( 'NONE', *, *, #550, .F. ) ;
#1849 = CARTESIAN_POINT ( 'NONE',  ( 1.000000000000002442, 9.800000000000002487, 6.000000000000000000 ) ) ;
#1850 = DIRECTION ( 'NONE',  ( -0.000000000000000000, -0.000000000000000000, -1.000000000000000000 ) ) ;
#1851 = ORIENTED_EDGE ( 'NONE', *, *, #100, .F. ) ;
#1852 = CARTESIAN_POINT ( 'NONE',  ( 2.817190924986331250E-14, -20.29999999999998650, -0.9999999999999991118 ) ) ;
#1853 = AXIS2_PLACEMENT_3D ( 'NONE', #513, #1255, #848 ) ;
#1854 = LINE ( 'NONE', #1693, #108 ) ;
#1855 = CARTESIAN_POINT ( 'NONE',  ( -7.042977312465839170E-15, 20.30000000000000426, -12.50000000000000000 ) ) ;
#1856 = ADVANCED_FACE ( 'NONE', ( #597 ), #326, .T. ) ;
#1857 = CARTESIAN_POINT ( 'NONE',  ( -7.249999999999996447, -24.30000000000000071, -12.50000000000000000 ) ) ;
#1858 = AXIS2_PLACEMENT_3D ( 'NONE', #537, #4, #1787 ) ;
#1859 = CARTESIAN_POINT ( 'NONE',  ( 9.999999999999989342, 19.30000000000000782, -36.00000000000000000 ) ) ;
#1860 = CARTESIAN_POINT ( 'NONE',  ( 8.999999999999991118, 19.30000000000000782, -1.000000000000000000 ) ) ;
#1861 = ORIENTED_EDGE ( 'NONE', *, *, #639, .F. ) ;
#1862 = ORIENTED_EDGE ( 'NONE', *, *, #653, .T. ) ;
#1863 = DIRECTION ( 'NONE',  ( 0.000000000000000000, -0.000000000000000000, -1.000000000000000000 ) ) ;
#1864 = CARTESIAN_POINT ( 'NONE',  ( -9.000000000000007105, -23.43205080756886360, -37.00000000000000000 ) ) ;
#1865 = AXIS2_PLACEMENT_3D ( 'NONE', #1813, #2149, #1986 ) ;
#1866 = DIRECTION ( 'NONE',  ( 0.000000000000000000, 0.000000000000000000, 1.000000000000000000 ) ) ;
#1867 = AXIS2_PLACEMENT_3D ( 'NONE', #823, #1175, #2235 ) ;
#1868 = ORIENTED_EDGE ( 'NONE', *, *, #346, .F. ) ;
#1869 = EDGE_CURVE ( 'NONE', #265, #1643, #1498, .T. ) ;
#1870 = CARTESIAN_POINT ( 'NONE',  ( 2.192117770473762465E-15, 9.800000000000002487, 0.4999999999999880651 ) ) ;
#1871 = DIRECTION ( 'NONE',  ( 0.000000000000000000, 0.000000000000000000, -1.000000000000000000 ) ) ;
#1872 = ADVANCED_FACE ( 'NONE', ( #218 ), #1999, .T. ) ;
#1873 = ORIENTED_EDGE ( 'NONE', *, *, #425, .T. ) ;
#1874 = EDGE_LOOP ( 'NONE', ( #1583, #2237 ) ) ;
#1875 = CALENDAR_DATE ( 2025, 12, 9 ) ;
#1876 = ORIENTED_EDGE ( 'NONE', *, *, #361, .F. ) ;
#1877 = DIRECTION ( 'NONE',  ( -1.000000000000000000, 0.000000000000000000, 0.000000000000000000 ) ) ;
#1878 = CIRCLE ( 'NONE', #1207, 1.000000000000000888 ) ;
#1879 = PLANE ( 'NONE',  #861 ) ;
#1880 = DIRECTION ( 'NONE',  ( 0.000000000000000000, 0.000000000000000000, 1.000000000000000000 ) ) ;
#1881 = ORIENTED_EDGE ( 'NONE', *, *, #2015, .T. ) ;
#1882 = ORIENTED_EDGE ( 'NONE', *, *, #2094, .F. ) ;
#1883 = EDGE_CURVE ( 'NONE', #109, #104, #1455, .T. ) ;
#1884 = ORIENTED_EDGE ( 'NONE', *, *, #1149, .T. ) ;
#1885 = CARTESIAN_POINT ( 'NONE',  ( -4.139740740740709413, 16.74629629629637151, -31.47925925925930457 ) ) ;
#1886 = VERTEX_POINT ( 'NONE', #245 ) ;
#1887 = DIRECTION ( 'NONE',  ( -0.000000000000000000, 0.000000000000000000, 1.000000000000000000 ) ) ;
#1888 = ADVANCED_FACE ( 'NONE', ( #254 ), #1327, .F. ) ;
#1889 = CIRCLE ( 'NONE', #1218, 1.000000000000000888 ) ;
#1890 = CARTESIAN_POINT ( 'NONE',  ( -3.429000000000007375, 20.30000000000000426, -32.18999999999999773 ) ) ;
#1891 = ORIENTED_EDGE ( 'NONE', *, *, #1166, .F. ) ;
#1892 = CARTESIAN_POINT ( 'NONE',  ( -7.249999999999996447, 24.30000000000000071, -12.50000000000000000 ) ) ;
#1893 = LINE ( 'NONE', #302, #2004 ) ;
#1894 = ORIENTED_EDGE ( 'NONE', *, *, #692, .F. ) ;
#1895 = ORIENTED_EDGE ( 'NONE', *, *, #361, .T. ) ;
#1896 = AXIS2_PLACEMENT_3D ( 'NONE', #764, #2207, #1473 ) ;
#1897 = DIRECTION ( 'NONE',  ( -0.000000000000000000, -0.000000000000000000, -1.000000000000000000 ) ) ;
#1898 = DIRECTION ( 'NONE',  ( -0.000000000000000000, 0.000000000000000000, 1.000000000000000000 ) ) ;
#1899 = EDGE_CURVE ( 'NONE', #16, #1386, #87, .T. ) ;
#1900 = VERTEX_POINT ( 'NONE', #570 ) ;
#1901 = DIRECTION ( 'NONE',  ( -0.000000000000000000, -0.000000000000000000, -1.000000000000000000 ) ) ;
#1902 = VECTOR ( 'NONE', #750, 1000.000000000000000 ) ;
#1903 = DIRECTION ( 'NONE',  ( 0.4999999999999992784, 6.123233995736754943E-17, -0.8660254037844390407 ) ) ;
#1904 = ORIENTED_EDGE ( 'NONE', *, *, #72, .F. ) ;
#1905 = DIRECTION ( 'NONE',  ( 1.000000000000000000, -6.938893903907228378E-15, 0.000000000000000000 ) ) ;
#1906 = CARTESIAN_POINT ( 'NONE',  ( -7.249999999999996447, 24.30000000000000071, -9.900000000000000355 ) ) ;
#1907 = DIRECTION ( 'NONE',  ( 0.000000000000000000, -0.000000000000000000, -1.000000000000000000 ) ) ;
#1908 = CIRCLE ( 'NONE', #1290, 2.249999999999999112 ) ;
#1909 = CC_DESIGN_PERSON_AND_ORGANIZATION_ASSIGNMENT ( #321, #2228, ( #1529 ) ) ;
#1910 = EDGE_CURVE ( 'NONE', #293, #1950, #2164, .T. ) ;
#1911 = VERTEX_POINT ( 'NONE', #434 ) ;
#1912 = CARTESIAN_POINT ( 'NONE',  ( -10.00000000000000888, -6.262539624465013727E-16, -12.50000000000000000 ) ) ;
#1913 = CARTESIAN_POINT ( 'NONE',  ( 2.192117770473762465E-15, 9.800000000000002487, 0.4999999999999880651 ) ) ;
#1914 = ORIENTED_EDGE ( 'NONE', *, *, #755, .T. ) ;
#1915 = PERSON_AND_ORGANIZATION_ROLE ( 'design_supplier' ) ;
#1916 = EDGE_LOOP ( 'NONE', ( #1653, #1691, #2025, #1426 ) ) ;
#1917 = FACE_OUTER_BOUND ( 'NONE', #2135, .T. ) ;
#1918 = CYLINDRICAL_SURFACE ( 'NONE', #2168, 3.000000000000000444 ) ;
#1919 = VERTEX_POINT ( 'NONE', #1488 ) ;
#1920 = ADVANCED_FACE ( 'NONE', ( #745 ), #381, .T. ) ;
#1921 = AXIS2_PLACEMENT_3D ( 'NONE', #1538, #2252, #482 ) ;
#1922 = CARTESIAN_POINT ( 'NONE',  ( -3.429000000000006931, 20.30000000000000426, -36.00000000000000000 ) ) ;
#1923 = DIRECTION ( 'NONE',  ( 1.000000000000000000, 0.000000000000000000, 0.000000000000000000 ) ) ;
#1924 = AXIS2_PLACEMENT_3D ( 'NONE', #1685, #941, #1828 ) ;
#1925 = CARTESIAN_POINT ( 'NONE',  ( -7.249999999999997335, 9.800000000000002487, 0.4999999999999880651 ) ) ;
#1926 = SHAPE_DEFINITION_REPRESENTATION ( #1630, #389 ) ;
#1927 = EDGE_LOOP ( 'NONE', ( #1480, #640 ) ) ;
#1928 = FACE_OUTER_BOUND ( 'NONE', #1108, .T. ) ;
#1929 = EDGE_LOOP ( 'NONE', ( #1239, #1258 ) ) ;
#1930 = LINE ( 'NONE', #1193, #1131 ) ;
#1931 = LOCAL_TIME ( 14, 40, 15.00000000000000000, #647 ) ;
#1932 = ORIENTED_EDGE ( 'NONE', *, *, #397, .F. ) ;
#1933 = ADVANCED_FACE ( 'NONE', ( #64 ), #1467, .T. ) ;
#1934 = DIRECTION ( 'NONE',  ( -1.000000000000000000, -3.469446951953614682E-16, -0.000000000000000000 ) ) ;
#1935 = CARTESIAN_POINT ( 'NONE',  ( -7.042977312465839170E-15, 20.30000000000000426, -36.00000000000000000 ) ) ;
#1936 = DIRECTION ( 'NONE',  ( -0.9805806756909206667, 0.1961161351381815188, 1.116165563130078550E-16 ) ) ;
#1937 = VECTOR ( 'NONE', #2155, 1000.000000000000000 ) ;
#1938 = EDGE_CURVE ( 'NONE', #347, #1398, #396, .T. ) ;
#1939 = DIRECTION ( 'NONE',  ( 1.000000000000000000, 0.000000000000000000, 0.000000000000000000 ) ) ;
#1940 = AXIS2_PLACEMENT_3D ( 'NONE', #1213, #175, #872 ) ;
#1941 = ADVANCED_FACE ( 'NONE', ( #585 ), #1987, .F. ) ;
#1942 = CALENDAR_DATE ( 2025, 12, 9 ) ;
#1943 = ORIENTED_EDGE ( 'NONE', *, *, #680, .F. ) ;
#1944 = VERTEX_POINT ( 'NONE', #609 ) ;
#1945 = DIRECTION ( 'NONE',  ( -0.000000000000000000, 0.000000000000000000, 1.000000000000000000 ) ) ;
#1946 = ORIENTED_EDGE ( 'NONE', *, *, #2154, .F. ) ;
#1947 = DIRECTION ( 'NONE',  ( 1.000000000000000000, -6.938893903907234689E-15, 0.000000000000000000 ) ) ;
#1948 = LINE ( 'NONE', #1545, #364 ) ;
#1949 = DIRECTION ( 'NONE',  ( 0.000000000000000000, 0.000000000000000000, -1.000000000000000000 ) ) ;
#1950 = VERTEX_POINT ( 'NONE', #940 ) ;
#1951 = EDGE_CURVE ( 'NONE', #2241, #16, #1316, .T. ) ;
#1952 = LINE ( 'NONE', #1445, #1237 ) ;
#1953 = ORIENTED_EDGE ( 'NONE', *, *, #2068, .T. ) ;
#1954 = DIRECTION ( 'NONE',  ( 0.4999999999999986677, -0.8660254037844393737, -0.000000000000000000 ) ) ;
#1955 = DIRECTION ( 'NONE',  ( 0.000000000000000000, 0.000000000000000000, -1.000000000000000000 ) ) ;
#1956 = DIRECTION ( 'NONE',  ( 1.000000000000000000, 0.000000000000000000, 0.000000000000000000 ) ) ;
#1957 = CIRCLE ( 'NONE', #548, 1.000000000000000222 ) ;
#1958 = DIRECTION ( 'NONE',  ( 0.000000000000000000, 0.000000000000000000, -1.000000000000000000 ) ) ;
#1959 = LINE ( 'NONE', #1568, #618 ) ;
#1960 = DIRECTION ( 'NONE',  ( 1.000000000000000000, 0.000000000000000000, 0.000000000000000000 ) ) ;
#1961 = VECTOR ( 'NONE', #1371, 1000.000000000000000 ) ;
#1962 = ORIENTED_EDGE ( 'NONE', *, *, #75, .T. ) ;
#1963 = CARTESIAN_POINT ( 'NONE',  ( 9.999999999999996447, 3.418174336900112789E-15, -36.00000000000000000 ) ) ;
#1964 = ORIENTED_EDGE ( 'NONE', *, *, #1684, .T. ) ;
#1965 = LINE ( 'NONE', #1063, #262 ) ;
#1966 = ADVANCED_FACE ( 'NONE', ( #407 ), #1662, .F. ) ;
#1967 = DIRECTION ( 'NONE',  ( 0.000000000000000000, -0.000000000000000000, -1.000000000000000000 ) ) ;
#1968 = PRODUCT_RELATED_PRODUCT_CATEGORY ( 'detail', '', ( #1402 ) ) ;
#1969 = VECTOR ( 'NONE', #1831, 1000.000000000000000 ) ;
#1970 = DIRECTION ( 'NONE',  ( -1.387778780781442717E-15, 1.000000000000000000, 0.000000000000000000 ) ) ;
#1971 = LINE ( 'NONE', #379, #1001 ) ;
#1972 = FACE_BOUND ( 'NONE', #475, .T. ) ;
#1973 = DIRECTION ( 'NONE',  ( -0.000000000000000000, -0.000000000000000000, -1.000000000000000000 ) ) ;
#1974 = PLANE ( 'NONE',  #114 ) ;
#1975 = VECTOR ( 'NONE', #1465, 1000.000000000000000 ) ;
#1976 = APPROVAL_DATE_TIME ( #856, #1745 ) ;
#1977 = CIRCLE ( 'NONE', #2248, 1.000000000000000000 ) ;
#1978 = DIRECTION ( 'NONE',  ( -0.000000000000000000, 0.000000000000000000, 1.000000000000000000 ) ) ;
#1979 = ORIENTED_EDGE ( 'NONE', *, *, #75, .F. ) ;
#1980 = PLANE ( 'NONE',  #1791 ) ;
#1981 = DIRECTION ( 'NONE',  ( -1.000000000000000000, 0.000000000000000000, 0.000000000000000000 ) ) ;
#1982 = DIRECTION ( 'NONE',  ( 1.000000000000000000, 0.000000000000000000, 0.000000000000000000 ) ) ;
#1983 = EDGE_LOOP ( 'NONE', ( #2298, #622, #1712 ) ) ;
#1984 = EDGE_CURVE ( 'NONE', #1277, #488, #1143, .T. ) ;
#1985 = CARTESIAN_POINT ( 'NONE',  ( 9.000000000000007105, -23.43205080756882452, -37.00000000000000000 ) ) ;
#1986 = DIRECTION ( 'NONE',  ( 1.000000000000000000, 0.000000000000000000, 0.000000000000000000 ) ) ;
#1987 = CYLINDRICAL_SURFACE ( 'NONE', #1553, 2.250000000000000444 ) ;
#1988 = AXIS2_PLACEMENT_3D ( 'NONE', #1566, #507, #720 ) ;
#1989 = DIRECTION ( 'NONE',  ( 1.387778780781442717E-15, -1.000000000000000000, 0.000000000000000000 ) ) ;
#1990 = ORIENTED_EDGE ( 'NONE', *, *, #1883, .F. ) ;
#1991 = DIRECTION ( 'NONE',  ( 1.000000000000000000, 0.000000000000000000, 0.000000000000000000 ) ) ;
#1992 = ORIENTED_EDGE ( 'NONE', *, *, #550, .T. ) ;
#1993 = DIRECTION ( 'NONE',  ( -0.000000000000000000, 0.000000000000000000, 1.000000000000000000 ) ) ;
#1994 = ORIENTED_EDGE ( 'NONE', *, *, #392, .T. ) ;
#1995 = LINE ( 'NONE', #2159, #662 ) ;
#1996 = CARTESIAN_POINT ( 'NONE',  ( -10.00000000000001066, 19.30000000000000071, -1.000000000000000000 ) ) ;
#1997 = DIRECTION ( 'NONE',  ( 3.131269812232504891E-16, -1.000000000000000000, 0.000000000000000000 ) ) ;
#1998 = ADVANCED_FACE ( 'NONE', ( #266 ), #2033, .F. ) ;
#1999 = PLANE ( 'NONE',  #1637 ) ;
#2000 = CARTESIAN_POINT ( 'NONE',  ( -4.805184028455755652E-15, 27.69999999999999929, -12.50000000000000000 ) ) ;
#2001 = VECTOR ( 'NONE', #1174, 1000.000000000000000 ) ;
#2002 = ORIENTED_EDGE ( 'NONE', *, *, #2157, .F. ) ;
#2003 = DIRECTION ( 'NONE',  ( -0.000000000000000000, 0.000000000000000000, 1.000000000000000000 ) ) ;
#2004 = VECTOR ( 'NONE', #1013, 1000.000000000000114 ) ;
#2005 = ORIENTED_EDGE ( 'NONE', *, *, #425, .F. ) ;
#2006 = DIRECTION ( 'NONE',  ( 0.000000000000000000, 0.000000000000000000, 1.000000000000000000 ) ) ;
#2007 = DIRECTION ( 'NONE',  ( 0.000000000000000000, 0.000000000000000000, 1.000000000000000000 ) ) ;
#2008 = CONICAL_SURFACE ( 'NONE', #818, 6.383974596215556296, 0.5235987755982980385 ) ;
#2009 = CARTESIAN_POINT ( 'NONE',  ( 7.249999999999997335, -24.29999999999997584, -9.900000000000000355 ) ) ;
#2010 = ORIENTED_EDGE ( 'NONE', *, *, #1951, .F. ) ;
#2011 = CARTESIAN_POINT ( 'NONE',  ( 10.00000000000000533, -23.43205080756882452, -12.50000000000000000 ) ) ;
#2012 = APPROVAL_PERSON_ORGANIZATION ( #1560, #1429, #312 ) ;
#2013 = FACE_OUTER_BOUND ( 'NONE', #572, .T. ) ;
#2014 = ORIENTED_EDGE ( 'NONE', *, *, #1416, .T. ) ;
#2015 = EDGE_CURVE ( 'NONE', #43, #857, #1424, .T. ) ;
#2016 = ORIENTED_EDGE ( 'NONE', *, *, #1074, .F. ) ;
#2017 = CARTESIAN_POINT ( 'NONE',  ( -9.000000000000005329, -20.30000000000000071, -12.50000000000000000 ) ) ;
#2018 = FACE_OUTER_BOUND ( 'NONE', #1006, .T. ) ;
#2019 = DIRECTION ( 'NONE',  ( -1.000000000000000000, 0.000000000000000000, 0.000000000000000000 ) ) ;
#2020 = AXIS2_PLACEMENT_3D ( 'NONE', #553, #949, #1306 ) ;
#2021 = FACE_OUTER_BOUND ( 'NONE', #1329, .T. ) ;
#2022 = ORIENTED_EDGE ( 'NONE', *, *, #1688, .F. ) ;
#2023 = DIRECTION ( 'NONE',  ( 1.000000000000000000, 3.469446951953615668E-16, -0.000000000000000000 ) ) ;
#2024 = DIRECTION ( 'NONE',  ( -0.000000000000000000, -0.000000000000000000, -1.000000000000000000 ) ) ;
#2025 = ORIENTED_EDGE ( 'NONE', *, *, #653, .F. ) ;
#2026 = AXIS2_PLACEMENT_3D ( 'NONE', #1672, #78, #836 ) ;
#2027 = ORIENTED_EDGE ( 'NONE', *, *, #1869, .T. ) ;
#2028 = DIRECTION ( 'NONE',  ( -0.000000000000000000, -0.000000000000000000, -1.000000000000000000 ) ) ;
#2029 = DIRECTION ( 'NONE',  ( -1.000000000000000000, 0.000000000000000000, 0.000000000000000000 ) ) ;
#2030 = EDGE_CURVE ( 'NONE', #2035, #1673, #929, .T. ) ;
#2031 = FACE_OUTER_BOUND ( 'NONE', #751, .T. ) ;
#2032 = ORIENTED_EDGE ( 'NONE', *, *, #1046, .T. ) ;
#2033 = CYLINDRICAL_SURFACE ( 'NONE', #1044, 2.250000000000000444 ) ;
#2034 = CARTESIAN_POINT ( 'NONE',  ( 2.928999999999986503, 22.80000000000000426, -36.00000000000000000 ) ) ;
#2035 = VERTEX_POINT ( 'NONE', #338 ) ;
#2036 = ORIENTED_EDGE ( 'NONE', *, *, #1773, .F. ) ;
#2037 = AXIS2_PLACEMENT_3D ( 'NONE', #921, #229, #935 ) ;
#2038 = VERTEX_POINT ( 'NONE', #1226 ) ;
#2039 = LINE ( 'NONE', #259, #1340 ) ;
#2040 = DIRECTION ( 'NONE',  ( 0.000000000000000000, 0.000000000000000000, 1.000000000000000000 ) ) ;
#2041 = ADVANCED_FACE ( 'NONE', ( #163 ), #1238, .T. ) ;
#2042 = VECTOR ( 'NONE', #2305, 1000.000000000000000 ) ;
#2043 = CARTESIAN_POINT ( 'NONE',  ( 2.192117770473762465E-15, 9.800000000000002487, 0.000000000000000000 ) ) ;
#2044 = ADVANCED_FACE ( 'NONE', ( #1276 ), #1980, .T. ) ;
#2045 = AXIS2_PLACEMENT_3D ( 'NONE', #1504, #228, #240 ) ;
#2046 = CARTESIAN_POINT ( 'NONE',  ( 2.749999999999996891, -24.29999999999997584, -12.50000000000000000 ) ) ;
#2047 = EDGE_LOOP ( 'NONE', ( #247, #2213 ) ) ;
#2048 = ORIENTED_EDGE ( 'NONE', *, *, #766, .F. ) ;
#2049 = CARTESIAN_POINT ( 'NONE',  ( 10.00000000000000533, -23.43205080756882452, -12.50000000000000000 ) ) ;
#2050 = LINE ( 'NONE', #800, #1281 ) ;
#2051 = ADVANCED_FACE ( 'NONE', ( #1928 ), #1052, .T. ) ;
#2052 = VECTOR ( 'NONE', #1542, 1000.000000000000000 ) ;
#2053 = EDGE_LOOP ( 'NONE', ( #89, #1664, #2170, #1390 ) ) ;
#2054 = EDGE_CURVE ( 'NONE', #882, #524, #1764, .T. ) ;
#2055 = CARTESIAN_POINT ( 'NONE',  ( 9.999999999999987566, 23.43205080756883163, -9.899999999999998579 ) ) ;
#2056 = DIRECTION ( 'NONE',  ( 0.000000000000000000, -1.000000000000000000, -0.000000000000000000 ) ) ;
#2057 = CARTESIAN_POINT ( 'NONE',  ( 0.000000000000000000, 0.000000000000000000, 2.000000000000000000 ) ) ;
#2058 = ORIENTED_EDGE ( 'NONE', *, *, #41, .T. ) ;
#2059 = ORIENTED_EDGE ( 'NONE', *, *, #2111, .F. ) ;
#2060 = EDGE_CURVE ( 'NONE', #882, #2206, #546, .T. ) ;
#2061 = CARTESIAN_POINT ( 'NONE',  ( -9.000000000000008882, 23.43205080756884584, -9.899999999999998579 ) ) ;
#2062 = ORIENTED_EDGE ( 'NONE', *, *, #692, .T. ) ;
#2063 = CARTESIAN_POINT ( 'NONE',  ( 7.113248654051845143, 27.69999999999999929, -9.900000000000000355 ) ) ;
#2064 = VECTOR ( 'NONE', #1012, 1000.000000000000000 ) ;
#2065 = CARTESIAN_POINT ( 'NONE',  ( 9.999999999999989342, 19.30000000000000782, -37.00000000000000000 ) ) ;
#2066 = ORIENTED_EDGE ( 'NONE', *, *, #948, .F. ) ;
#2067 = LINE ( 'NONE', #127, #2177 ) ;
#2068 = EDGE_CURVE ( 'NONE', #1355, #67, #824, .T. ) ;
#2069 = CARTESIAN_POINT ( 'NONE',  ( -9.000000000000008882, 19.30000000000000071, -9.900000000000000355 ) ) ;
#2070 = ORIENTED_EDGE ( 'NONE', *, *, #2288, .T. ) ;
#2071 = CARTESIAN_POINT ( 'NONE',  ( 7.249999999999978684, 24.30000000000000426, -12.50000000000000000 ) ) ;
#2072 = CARTESIAN_POINT ( 'NONE',  ( -6.696032617270477751E-15, 19.30000000000000426, -0.9999999999999991118 ) ) ;
#2073 = VECTOR ( 'NONE', #387, 1000.000000000000000 ) ;
#2074 = ORIENTED_EDGE ( 'NONE', *, *, #1179, .T. ) ;
#2075 = AXIS2_PLACEMENT_3D ( 'NONE', #211, #946, #738 ) ;
#2076 = CARTESIAN_POINT ( 'NONE',  ( 6.672649730810370272, 9.800000000000002487, 1.500000000000001332 ) ) ;
#2077 = CIRCLE ( 'NONE', #1076, 2.250000000000000444 ) ;
#2078 = CYLINDRICAL_SURFACE ( 'NONE', #145, 2.249999999999998668 ) ;
#2079 = VERTEX_POINT ( 'NONE', #1264 ) ;
#2080 = EDGE_LOOP ( 'NONE', ( #995, #1641, #2048, #49 ) ) ;
#2081 = VECTOR ( 'NONE', #2028, 1000.000000000000000 ) ;
#2082 = DATE_TIME_ROLE ( 'creation_date' ) ;
#2083 = LINE ( 'NONE', #1574, #447 ) ;
#2084 = ADVANCED_FACE ( 'NONE', ( #1612 ), #210, .F. ) ;
#2085 = CARTESIAN_POINT ( 'NONE',  ( -7.249999999999997335, 9.800000000000002487, 0.000000000000000000 ) ) ;
#2086 = ORIENTED_EDGE ( 'NONE', *, *, #563, .T. ) ;
#2087 = AXIS2_PLACEMENT_3D ( 'NONE', #1639, #2169, #461 ) ;
#2088 = SPHERICAL_SURFACE ( 'NONE', #1559, 1.000000000000000000 ) ;
#2089 = DIRECTION ( 'NONE',  ( -1.000000000000000000, 0.000000000000000000, 0.000000000000000000 ) ) ;
#2090 = VERTEX_POINT ( 'NONE', #1597 ) ;
#2091 = APPROVAL_DATE_TIME ( #2275, #1429 ) ;
#2092 = CARTESIAN_POINT ( 'NONE',  ( -3.429000000000006487, 20.30000000000000426, -32.18999999999999773 ) ) ;
#2093 = ORIENTED_EDGE ( 'NONE', *, *, #457, .T. ) ;
#2094 = EDGE_CURVE ( 'NONE', #676, #371, #1965, .T. ) ;
#2095 = DIRECTION ( 'NONE',  ( 1.000000000000000000, 0.000000000000000000, 0.000000000000000000 ) ) ;
#2096 = CIRCLE ( 'NONE', #1176, 7.250000000000000000 ) ;
#2097 = ORIENTED_EDGE ( 'NONE', *, *, #1295, .T. ) ;
#2098 = EDGE_CURVE ( 'NONE', #536, #783, #1378, .T. ) ;
#2099 = CARTESIAN_POINT ( 'NONE',  ( 9.999999999999987566, 23.69999999999995310, -37.00000000000000000 ) ) ;
#2100 = DIRECTION ( 'NONE',  ( 1.000000000000000000, 0.000000000000000000, 0.000000000000000000 ) ) ;
#2101 = DIRECTION ( 'NONE',  ( 0.000000000000000000, -0.000000000000000000, -1.000000000000000000 ) ) ;
#2102 = ORIENTED_EDGE ( 'NONE', *, *, #2250, .T. ) ;
#2103 = DIRECTION ( 'NONE',  ( 1.000000000000000000, 0.000000000000000000, 0.000000000000000000 ) ) ;
#2104 = ORIENTED_EDGE ( 'NONE', *, *, #578, .F. ) ;
#2105 = CARTESIAN_POINT ( 'NONE',  ( -7.979274057836313716, -27.20000000000000284, -37.00000000000000000 ) ) ;
#2106 = VERTEX_POINT ( 'NONE', #1250 ) ;
#2107 = CARTESIAN_POINT ( 'NONE',  ( 2.928999999999986503, 22.80000000000000426, -35.49999999999999289 ) ) ;
#2108 = EDGE_CURVE ( 'NONE', #1919, #857, #173, .T. ) ;
#2109 = VECTOR ( 'NONE', #2007, 1000.000000000000000 ) ;
#2110 = ORIENTED_EDGE ( 'NONE', *, *, #1984, .T. ) ;
#2111 = EDGE_CURVE ( 'NONE', #139, #1205, #1401, .T. ) ;
#2112 = VECTOR ( 'NONE', #180, 1000.000000000000000 ) ;
#2113 = CARTESIAN_POINT ( 'NONE',  ( 8.999999999999991118, 19.30000000000000782, -1.000000000000000000 ) ) ;
#2114 = PLANE ( 'NONE',  #1015 ) ;
#2115 = AXIS2_PLACEMENT_3D ( 'NONE', #746, #1850, #914 ) ;
#2116 = AXIS2_PLACEMENT_3D ( 'NONE', #725, #1945, #1100 ) ;
#2117 = ORIENTED_EDGE ( 'NONE', *, *, #520, .T. ) ;
#2118 = CARTESIAN_POINT ( 'NONE',  ( -10.00000000000001066, 23.43205080756884584, -37.00000000000000000 ) ) ;
#2119 = VERTEX_POINT ( 'NONE', #372 ) ;
#2120 = DIRECTION ( 'NONE',  ( -1.000000000000000000, 0.000000000000000000, 0.000000000000000000 ) ) ;
#2121 = LOCAL_TIME ( 14, 40, 15.00000000000000000, #2243 ) ;
#2122 = CARTESIAN_POINT ( 'NONE',  ( 8.999999999999998224, 3.076356903210101747E-15, -36.00000000000000000 ) ) ;
#2123 = EDGE_CURVE ( 'NONE', #293, #1735, #186, .T. ) ;
#2124 = CARTESIAN_POINT ( 'NONE',  ( -4.999999999999997335, -24.30000000000000071, -12.50000000000000000 ) ) ;
#2125 = DIRECTION ( 'NONE',  ( 0.000000000000000000, -0.000000000000000000, -1.000000000000000000 ) ) ;
#2126 = AXIS2_PLACEMENT_3D ( 'NONE', #1391, #350, #1947 ) ;
#2127 = APPROVAL_STATUS ( 'not_yet_approved' ) ;
#2128 = EDGE_LOOP ( 'NONE', ( #2204, #802, #480, #468 ) ) ;
#2129 = FACE_OUTER_BOUND ( 'NONE', #943, .T. ) ;
#2130 = ORIENTED_EDGE ( 'NONE', *, *, #1817, .F. ) ;
#2131 = DIRECTION ( 'NONE',  ( 6.262539624465007810E-17, -1.000000000000000000, 0.000000000000000000 ) ) ;
#2132 = ORIENTED_EDGE ( 'NONE', *, *, #1711, .F. ) ;
#2133 = DIRECTION ( 'NONE',  ( 0.000000000000000000, -1.000000000000000000, -1.734723475976805517E-15 ) ) ;
#2134 = ORIENTED_EDGE ( 'NONE', *, *, #508, .T. ) ;
#2135 = EDGE_LOOP ( 'NONE', ( #923, #1755, #182, #2010 ) ) ;
#2136 = FACE_OUTER_BOUND ( 'NONE', #1929, .T. ) ;
#2137 = CARTESIAN_POINT ( 'NONE',  ( -10.00000000000000711, -23.69999999999998508, -12.50000000000000000 ) ) ;
#2138 = EDGE_CURVE ( 'NONE', #860, #1224, #605, .T. ) ;
#2139 = ORIENTED_EDGE ( 'NONE', *, *, #226, .F. ) ;
#2140 = LINE ( 'NONE', #762, #1902 ) ;
#2141 = ORIENTED_EDGE ( 'NONE', *, *, #1829, .T. ) ;
#2142 = CARTESIAN_POINT ( 'NONE',  ( -8.673617379884037444E-16, 22.80000000000000426, -35.49999999999999289 ) ) ;
#2143 = ORIENTED_EDGE ( 'NONE', *, *, #1033, .F. ) ;
#2144 = CARTESIAN_POINT ( 'NONE',  ( 0.000000000000000000, -27.70000000000000284, -12.50000000000000000 ) ) ;
#2145 = CARTESIAN_POINT ( 'NONE',  ( 2.192117770473762465E-15, 9.800000000000002487, 6.000000000000000000 ) ) ;
#2146 = CARTESIAN_POINT ( 'NONE',  ( 7.690598923241485529, -27.70000000000000284, -12.50000000000000000 ) ) ;
#2147 = CIRCLE ( 'NONE', #1034, 3.000000000000000444 ) ;
#2148 = VECTOR ( 'NONE', #1132, 1000.000000000000000 ) ;
#2149 = DIRECTION ( 'NONE',  ( -0.000000000000000000, 0.000000000000000000, 1.000000000000000000 ) ) ;
#2150 = CARTESIAN_POINT ( 'NONE',  ( 8.999999999999991118, 20.30000000000000782, -37.00000000000000000 ) ) ;
#2151 = AXIS2_PLACEMENT_3D ( 'NONE', #1219, #311, #1047 ) ;
#2152 = AXIS2_PLACEMENT_3D ( 'NONE', #2189, #446, #1309 ) ;
#2153 = ORIENTED_EDGE ( 'NONE', *, *, #1555, .F. ) ;
#2154 = EDGE_CURVE ( 'NONE', #804, #790, #691, .T. ) ;
#2155 = DIRECTION ( 'NONE',  ( -3.418174336900113874E-16, 1.000000000000000000, -0.000000000000000000 ) ) ;
#2156 = ORIENTED_EDGE ( 'NONE', *, *, #1334, .F. ) ;
#2157 = EDGE_CURVE ( 'NONE', #1182, #426, #1624, .T. ) ;
#2158 = DIRECTION ( 'NONE',  ( -0.000000000000000000, 0.000000000000000000, 1.000000000000000000 ) ) ;
#2159 = CARTESIAN_POINT ( 'NONE',  ( -7.042977312465839170E-15, 20.30000000000000426, -36.00000000000000000 ) ) ;
#2160 = EDGE_CURVE ( 'NONE', #607, #1797, #1686, .T. ) ;
#2161 = LINE ( 'NONE', #922, #938 ) ;
#2162 = ORIENTED_EDGE ( 'NONE', *, *, #279, .F. ) ;
#2163 = FACE_OUTER_BOUND ( 'NONE', #1283, .T. ) ;
#2164 = LINE ( 'NONE', #1683, #1038 ) ;
#2165 = CARTESIAN_POINT ( 'NONE',  ( 4.999999999999978684, 24.30000000000000426, -12.50000000000000000 ) ) ;
#2166 = AXIS2_PLACEMENT_3D ( 'NONE', #1301, #1071, #195 ) ;
#2167 = VECTOR ( 'NONE', #333, 1000.000000000000000 ) ;
#2168 = AXIS2_PLACEMENT_3D ( 'NONE', #1564, #1901, #1775 ) ;
#2169 = DIRECTION ( 'NONE',  ( 0.000000000000000000, 0.000000000000000000, 1.000000000000000000 ) ) ;
#2170 = ORIENTED_EDGE ( 'NONE', *, *, #731, .F. ) ;
#2171 = LINE ( 'NONE', #1111, #1562 ) ;
#2172 = PLANE ( 'NONE',  #1068 ) ;
#2173 = EDGE_CURVE ( 'NONE', #248, #524, #92, .T. ) ;
#2174 = LINE ( 'NONE', #1669, #1315 ) ;
#2175 = CARTESIAN_POINT ( 'NONE',  ( -7.979274057836311940, 27.19999999999999574, -12.50000000000000000 ) ) ;
#2176 = DIRECTION ( 'NONE',  ( 1.387778780781444887E-15, -1.000000000000000000, 0.000000000000000000 ) ) ;
#2177 = VECTOR ( 'NONE', #105, 1000.000000000000000 ) ;
#2178 = CARTESIAN_POINT ( 'NONE',  ( -9.000000000000007105, -23.43205080756886360, -9.899999999999998579 ) ) ;
#2179 = ORIENTED_EDGE ( 'NONE', *, *, #397, .T. ) ;
#2180 = CARTESIAN_POINT ( 'NONE',  ( 8.999999999999991118, 19.30000000000000782, -37.00000000000000000 ) ) ;
#2181 = ORIENTED_EDGE ( 'NONE', *, *, #626, .T. ) ;
#2182 = DIRECTION ( 'NONE',  ( 1.000000000000000000, 0.000000000000000000, 0.000000000000000000 ) ) ;
#2183 = DIRECTION ( 'NONE',  ( 1.000000000000000000, 0.000000000000000000, 0.000000000000000000 ) ) ;
#2184 = CARTESIAN_POINT ( 'NONE',  ( 2.817190924986331250E-14, -20.29999999999998650, -37.00000000000000000 ) ) ;
#2185 = PLANE ( 'NONE',  #2020 ) ;
#2186 = ADVANCED_FACE ( 'NONE', ( #968, #453, #575 ), #1666, .F. ) ;
#2187 = LINE ( 'NONE', #1849, #846 ) ;
#2188 = EDGE_CURVE ( 'NONE', #1043, #1030, #184, .T. ) ;
#2189 = CARTESIAN_POINT ( 'NONE',  ( -9.000000000000008882, 19.30000000000000071, -0.9999999999999991118 ) ) ;
#2190 = CIRCLE ( 'NONE', #484, 1.000000000000000000 ) ;
#2191 = ORIENTED_EDGE ( 'NONE', *, *, #1149, .F. ) ;
#2192 = AXIS2_PLACEMENT_3D ( 'NONE', #1860, #2056, #471 ) ;
#2193 = ORIENTED_EDGE ( 'NONE', *, *, #1883, .T. ) ;
#2194 = DIRECTION ( 'NONE',  ( 1.000000000000000000, 0.000000000000000000, 0.000000000000000000 ) ) ;
#2195 = CYLINDRICAL_SURFACE ( 'NONE', #595, 1.000000000000000888 ) ;
#2196 = CYLINDRICAL_SURFACE ( 'NONE', #1130, 1.000000000000000888 ) ;
#2197 = ORIENTED_EDGE ( 'NONE', *, *, #781, .T. ) ;
#2198 = AXIS2_PLACEMENT_3D ( 'NONE', #516, #2158, #1585 ) ;
#2199 = EDGE_CURVE ( 'NONE', #1078, #1840, #47, .T. ) ;
#2200 = ORIENTED_EDGE ( 'NONE', *, *, #1829, .F. ) ;
#2201 = CARTESIAN_POINT ( 'NONE',  ( 8.999999999999991118, 20.30000000000000782, -9.900000000000000355 ) ) ;
#2202 = LINE ( 'NONE', #587, #40 ) ;
#2203 = EDGE_CURVE ( 'NONE', #827, #1797, #69, .T. ) ;
#2204 = ORIENTED_EDGE ( 'NONE', *, *, #706, .F. ) ;
#2205 = EDGE_CURVE ( 'NONE', #1043, #987, #273, .T. ) ;
#2206 = VERTEX_POINT ( 'NONE', #752 ) ;
#2207 = DIRECTION ( 'NONE',  ( -0.000000000000000000, 0.000000000000000000, 1.000000000000000000 ) ) ;
#2208 = DIRECTION ( 'NONE',  ( 0.000000000000000000, 0.000000000000000000, -1.000000000000000000 ) ) ;
#2209 = CIRCLE ( 'NONE', #897, 0.9999999999999991118 ) ;
#2210 = LINE ( 'NONE', #479, #2280 ) ;
#2211 = DIRECTION ( 'NONE',  ( -0.000000000000000000, -0.000000000000000000, -1.000000000000000000 ) ) ;
#2212 = CARTESIAN_POINT ( 'NONE',  ( 9.866025403784428605, 23.93205080756882808, -12.50000000000000000 ) ) ;
#2213 = ORIENTED_EDGE ( 'NONE', *, *, #1460, .F. ) ;
#2214 = ORIENTED_EDGE ( 'NONE', *, *, #1217, .F. ) ;
#2215 = VECTOR ( 'NONE', #953, 1000.000000000000000 ) ;
#2216 = EDGE_CURVE ( 'NONE', #2079, #356, #438, .T. ) ;
#2217 = CARTESIAN_POINT ( 'NONE',  ( -10.00000000000000711, -23.43205080756886360, -37.00000000000000000 ) ) ;
#2218 = EDGE_LOOP ( 'NONE', ( #1292, #732 ) ) ;
#2219 = DIRECTION ( 'NONE',  ( -1.734723475976805517E-15, 1.000000000000000000, 0.000000000000000000 ) ) ;
#2220 = PLANE ( 'NONE',  #920 ) ;
#2221 = LINE ( 'NONE', #1759, #1749 ) ;
#2222 = DIRECTION ( 'NONE',  ( -0.000000000000000000, 0.000000000000000000, 1.000000000000000000 ) ) ;
#2223 = CARTESIAN_POINT ( 'NONE',  ( 4.999999999999997335, -24.29999999999997584, -12.50000000000000000 ) ) ;
#2224 = ORIENTED_EDGE ( 'NONE', *, *, #855, .F. ) ;
#2225 = VERTEX_POINT ( 'NONE', #1313 ) ;
#2226 = CIRCLE ( 'NONE', #2296, 0.9999999999999991118 ) ;
#2227 = ORIENTED_EDGE ( 'NONE', *, *, #161, .T. ) ;
#2228 = PERSON_AND_ORGANIZATION_ROLE ( 'classification_officer' ) ;
#2229 = ADVANCED_FACE ( 'NONE', ( #1147 ), #1459, .F. ) ;
#2230 = CIRCLE ( 'NONE', #1744, 1.000000000000000000 ) ;
#2231 = FACE_OUTER_BOUND ( 'NONE', #337, .T. ) ;
#2232 = AXIS2_PLACEMENT_3D ( 'NONE', #148, #674, #319 ) ;
#2233 = EDGE_CURVE ( 'NONE', #91, #1096, #2039, .T. ) ;
#2234 = VECTOR ( 'NONE', #771, 1000.000000000000000 ) ;
#2235 = DIRECTION ( 'NONE',  ( -1.000000000000000000, -3.418174336900112887E-16, 0.000000000000000000 ) ) ;
#2236 = EDGE_CURVE ( 'NONE', #1287, #2079, #523, .T. ) ;
#2237 = ORIENTED_EDGE ( 'NONE', *, *, #582, .F. ) ;
#2238 = VECTOR ( 'NONE', #906, 1000.000000000000000 ) ;
#2239 = DIRECTION ( 'NONE',  ( 1.000000000000000000, 0.000000000000000000, 0.000000000000000000 ) ) ;
#2240 = DIRECTION ( 'NONE',  ( -0.1924500897298728475, -0.9622504486493771436, -0.1924500897298727642 ) ) ;
#2241 = VERTEX_POINT ( 'NONE', #1162 ) ;
#2242 = ORIENTED_EDGE ( 'NONE', *, *, #2173, .F. ) ;
#2243 = COORDINATED_UNIVERSAL_TIME_OFFSET ( 5, 0, .BEHIND. ) ;
#2244 = ORIENTED_EDGE ( 'NONE', *, *, #869, .T. ) ;
#2245 = CARTESIAN_POINT ( 'NONE',  ( 9.999999999999998224, 3.131269812232504497E-15, -12.50000000000000000 ) ) ;
#2246 = CARTESIAN_POINT ( 'NONE',  ( -10.00000000000001066, 19.30000000000000071, -12.50000000000000000 ) ) ;
#2247 = EDGE_CURVE ( 'NONE', #1062, #1751, #852, .T. ) ;
#2248 = AXIS2_PLACEMENT_3D ( 'NONE', #1204, #1754, #2095 ) ;
#2249 = EDGE_LOOP ( 'NONE', ( #1085, #1434, #1868, #1380 ) ) ;
#2250 = EDGE_CURVE ( 'NONE', #347, #139, #2171, .T. ) ;
#2251 = CARTESIAN_POINT ( 'NONE',  ( 7.249999999999978684, 24.30000000000000426, -9.900000000000000355 ) ) ;
#2252 = DIRECTION ( 'NONE',  ( -0.000000000000000000, -0.000000000000000000, -1.000000000000000000 ) ) ;
#2253 = ORIENTED_EDGE ( 'NONE', *, *, #147, .T. ) ;
#2254 = VERTEX_POINT ( 'NONE', #2017 ) ;
#2255 = DIRECTION ( 'NONE',  ( -0.000000000000000000, -0.000000000000000000, -1.000000000000000000 ) ) ;
#2256 = PERSON ( 'UNSPECIFIED', 'UNSPECIFIED', 'UNSPECIFIED', ('UNSPECIFIED'), ('UNSPECIFIED'), ('UNSPECIFIED') ) ;
#2257 = LINE ( 'NONE', #298, #976 ) ;
#2258 = EDGE_CURVE ( 'NONE', #426, #294, #1230, .T. ) ;
#2259 = LINE ( 'NONE', #1708, #2064 ) ;
#2260 = DIRECTION ( 'NONE',  ( 6.262539624465007810E-17, -1.000000000000000000, 0.000000000000000000 ) ) ;
#2261 = ADVANCED_FACE ( 'NONE', ( #944 ), #591, .F. ) ;
#2262 = ORIENTED_EDGE ( 'NONE', *, *, #332, .F. ) ;
#2263 = DIRECTION ( 'NONE',  ( 1.000000000000000000, 0.000000000000000000, 0.000000000000000000 ) ) ;
#2264 = CARTESIAN_POINT ( 'NONE',  ( 9.866025403784446368, -23.93205080756882808, -9.900000000000000355 ) ) ;
#2265 = AXIS2_PLACEMENT_3D ( 'NONE', #1704, #93, #2019 ) ;
#2266 = LINE ( 'NONE', #670, #35 ) ;
#2267 = ORIENTED_EDGE ( 'NONE', *, *, #1711, .T. ) ;
#2268 = AXIS2_PLACEMENT_3D ( 'NONE', #2099, #1580, #853 ) ;
#2269 = DIRECTION ( 'NONE',  ( -1.000000000000000000, 0.000000000000000000, 0.000000000000000000 ) ) ;
#2270 = LINE ( 'NONE', #1912, #1446 ) ;
#2271 = LINE ( 'NONE', #510, #905 ) ;
#2272 = ORIENTED_EDGE ( 'NONE', *, *, #971, .T. ) ;
#2273 = EDGE_CURVE ( 'NONE', #126, #886, #956, .T. ) ;
#2274 = AXIS2_PLACEMENT_3D ( 'NONE', #1823, #401, #1126 ) ;
#2275 = DATE_AND_TIME ( #1028, #2121 ) ;
#2276 = LINE ( 'NONE', #841, #1636 ) ;
#2277 = DIRECTION ( 'NONE',  ( 1.000000000000000000, 0.000000000000000000, 0.000000000000000000 ) ) ;
#2278 = EDGE_LOOP ( 'NONE', ( #1524, #1809, #1979, #1670 ) ) ;
#2279 = AXIS2_PLACEMENT_3D ( 'NONE', #1796, #2003, #1991 ) ;
#2280 = VECTOR ( 'NONE', #1184, 1000.000000000000000 ) ;
#2281 = CARTESIAN_POINT ( 'NONE',  ( 2.928999999999986059, 22.80000000000000426, -32.69000000000000483 ) ) ;
#2282 = DIRECTION ( 'NONE',  ( -0.000000000000000000, -0.000000000000000000, 1.000000000000000000 ) ) ;
#2283 = ORIENTED_EDGE ( 'NONE', *, *, #2098, .F. ) ;
#2284 = DIRECTION ( 'NONE',  ( -0.000000000000000000, 0.000000000000000000, 1.000000000000000000 ) ) ;
#2285 = EDGE_CURVE ( 'NONE', #826, #1182, #1081, .T. ) ;
#2286 = EDGE_LOOP ( 'NONE', ( #167, #1072, #918, #2016 ) ) ;
#2287 = DIRECTION ( 'NONE',  ( -0.000000000000000000, 0.000000000000000000, 1.000000000000000000 ) ) ;
#2288 = EDGE_CURVE ( 'NONE', #2119, #1205, #140, .T. ) ;
#2289 = VECTOR ( 'NONE', #803, 1000.000000000000000 ) ;
#2290 = LINE ( 'NONE', #1233, #200 ) ;
#2291 = CARTESIAN_POINT ( 'NONE',  ( 0.000000000000000000, 0.000000000000000000, 0.000000000000000000 ) ) ;
#2292 = ORIENTED_EDGE ( 'NONE', *, *, #1661, .T. ) ;
#2293 = EDGE_LOOP ( 'NONE', ( #1682, #1777, #1493 ) ) ;
#2294 = CARTESIAN_POINT ( 'NONE',  ( -10.00000000000000888, -6.262539624465013727E-16, -9.900000000000000355 ) ) ;
#2295 = DIRECTION ( 'NONE',  ( 0.000000000000000000, 0.000000000000000000, -1.000000000000000000 ) ) ;
#2296 = AXIS2_PLACEMENT_3D ( 'NONE', #1138, #1887, #616 ) ;
#2297 = EDGE_CURVE ( 'NONE', #815, #14, #1364, .T. ) ;
#2298 = ORIENTED_EDGE ( 'NONE', *, *, #1533, .T. ) ;
#2299 = CARTESIAN_POINT ( 'NONE',  ( 10.00000000000000533, -23.43205080756882452, -9.900000000000000355 ) ) ;
#2300 = DESIGN_CONTEXT ( 'detailed design', #850, 'design' ) ;
#2301 = EDGE_CURVE ( 'NONE', #967, #607, #1353, .T. ) ;
#2302 = DIRECTION ( 'NONE',  ( 0.000000000000000000, 0.000000000000000000, -1.000000000000000000 ) ) ;
#2303 = CARTESIAN_POINT ( 'NONE',  ( -9.000000000000008882, 20.30000000000000426, -37.00000000000000000 ) ) ;
#2304 = AXIS2_PLACEMENT_3D ( 'NONE', #2145, #552, #8 ) ;
#2305 = DIRECTION ( 'NONE',  ( -1.000000000000000000, 0.000000000000000000, 0.000000000000000000 ) ) ;
#2306 = ORIENTED_EDGE ( 'NONE', *, *, #1310, .F. ) ;
ENDSEC;
END-ISO-10303-21;
